-- phpMyAdmin SQL Dump
-- version 4.9.5
-- https://www.phpmyadmin.net/
--
-- Host: localhost:3306
-- Generation Time: Jun 08, 2020 at 10:02 AM
-- Server version: 10.1.37-MariaDB-cll-lve
-- PHP Version: 7.3.6

SET SQL_MODE = "NO_AUTO_VALUE_ON_ZERO";
SET AUTOCOMMIT = 0;
START TRANSACTION;
SET time_zone = "+00:00";


/*!40101 SET @OLD_CHARACTER_SET_CLIENT=@@CHARACTER_SET_CLIENT */;
/*!40101 SET @OLD_CHARACTER_SET_RESULTS=@@CHARACTER_SET_RESULTS */;
/*!40101 SET @OLD_COLLATION_CONNECTION=@@COLLATION_CONNECTION */;
/*!40101 SET NAMES utf8mb4 */;

--
-- Database: `database`
--

-- --------------------------------------------------------

--
-- Table structure for table `COMMUNITY`
--

CREATE TABLE `COMMUNITY` (
  `ID` smallint(6) NOT NULL,
  `NAME` varchar(50) COLLATE utf8_croatian_ci NOT NULL,
  `COUNTY_FK` tinyint(4) NOT NULL,
  `CONTACT_FK` smallint(6) NOT NULL
) ENGINE=InnoDB DEFAULT CHARSET=utf8 COLLATE=utf8_croatian_ci;

--
-- Dumping data for table `COMMUNITY`
--

INSERT INTO `COMMUNITY` (`ID`, `NAME`, `COUNTY_FK`, `CONTACT_FK`) VALUES
(1, 'Bedenica', 1, 10),
(2, 'Bistra', 1, 11),
(3, 'Brckovljani', 1, 12),
(4, 'Brdovec', 1, 13),
(5, 'Dubrava', 1, 14),
(6, 'Dubravica', 1, 15),
(7, 'Farkaševac', 1, 16),
(8, 'Gradec', 1, 17),
(9, 'Jakovlje', 1, 18),
(10, 'Klinča Sela', 1, 19),
(11, 'Kloštar Ivanić', 1, 20),
(12, 'Krašić', 1, 21),
(13, 'Kravarsko', 1, 22),
(14, 'Križ', 1, 23),
(15, 'Luka', 1, 24),
(16, 'Marija Gorica', 1, 25),
(17, 'Orle', 1, 26),
(18, 'Pisarovina', 1, 27),
(19, 'Pokupsko', 1, 28),
(20, 'Preseka', 1, 29),
(21, 'Pušća', 1, 30),
(22, 'Rakovec', 1, 31),
(23, 'Rugvica', 1, 32),
(24, 'Stupnik', 1, 33),
(25, 'Žumberak', 1, 34),
(26, 'Bedekovčina', 2, 43),
(27, 'Budinščina', 2, 44),
(28, 'Desinić', 2, 45),
(29, 'Đurmanec', 2, 46),
(30, 'Gornja Stubica', 2, 47),
(31, 'Hrašćina', 2, 48),
(32, 'Hum na Sutli', 2, 49),
(33, 'Jesenje', 2, 50),
(34, 'Konjščina', 2, 51),
(35, 'Kraljevec na Sutli', 2, 52),
(36, 'Krapinske Toplice', 2, 53),
(37, 'Kumrovec', 2, 54),
(38, 'Lobor', 2, 55),
(39, 'Mače', 2, 56),
(40, 'Marija Bistrica', 2, 57),
(41, 'Mihovljan', 2, 58),
(42, 'Novi Golubovec', 2, 59),
(43, 'Petrovsko', 2, 60),
(44, 'Radoboj', 2, 61),
(45, 'Stubičke Toplice', 2, 62),
(46, 'Sveti Križ Začretje', 2, 63),
(47, 'Tuhelj', 2, 64),
(48, 'Veliko Trgovišće', 2, 65),
(49, 'Zagorska Sela', 2, 66),
(50, 'Zlatar Bistrica', 2, 67),
(51, 'Donji Kukuruzari', 3, 75),
(52, 'Dvor', 3, 76),
(53, 'Gvozd', 3, 77),
(54, 'Hrvatska Dubica', 3, 78),
(55, 'Jasenovac', 3, 79),
(56, 'Lekenik', 3, 80),
(57, 'Lipovljani', 3, 81),
(58, 'Majur', 3, 82),
(59, 'Martinska Ves', 3, 83),
(60, 'Sunja', 3, 85),
(61, 'Topusko', 3, 86),
(62, 'Velika Ludina', 3, 87),
(63, 'Barilović', 4, 94),
(64, 'Bosiljevo', 4, 95),
(65, 'Cetingrad', 4, 96),
(66, 'Draganić', 4, 97),
(67, 'Generalski Stol', 4, 98),
(68, 'Josipdol', 4, 99),
(69, 'Kamanje', 4, 100),
(70, 'Krnjak', 4, 101),
(71, 'Lasinja', 4, 102),
(72, 'Netretić', 4, 103),
(73, 'Plaški', 4, 104),
(74, 'Rakovica', 4, 105),
(75, 'Ribnik', 4, 106),
(76, 'Saborsko', 4, 107),
(77, 'Tounj', 4, 108),
(78, 'Vojnić', 4, 109),
(79, 'Žakanje', 4, 110),
(80, 'Bednja', 5, 118),
(81, 'Beretinec', 5, 119),
(82, 'Breznica', 5, 120),
(83, 'Breznički Hum', 5, 121),
(84, 'Cestica', 5, 122),
(85, 'Donja Voća', 5, 123),
(86, 'Gornji Kneginec', 5, 124),
(87, 'Jalžabet', 5, 125),
(88, 'Klenovnik', 5, 126),
(89, 'Ljubešćica', 5, 127),
(90, 'Mali Bukovec', 5, 128),
(91, 'Martijanec', 5, 129),
(92, 'Maruševec', 5, 130),
(93, 'Petrijanec', 5, 131),
(94, 'Sračinec', 5, 132),
(95, 'Sveti Đurđ', 5, 133),
(96, 'Sveti Ilija', 5, 134),
(97, 'Trnovec Bartolovečki', 5, 135),
(98, 'Veliki Bukovec', 5, 136),
(99, 'Vidovec', 5, 137),
(100, 'Vinica', 5, 138),
(101, 'Visoko', 5, 139),
(102, 'Drnje', 6, 144),
(103, 'Đelekovec', 6, 145),
(104, 'Ferdinandovac', 6, 146),
(105, 'Gola', 6, 147),
(106, 'Gornja Rijeka', 6, 148),
(107, 'Hlebine', 6, 149),
(108, 'Kalinovac', 6, 150),
(109, 'Kalnik', 6, 151),
(110, 'Kloštar Podravski', 6, 152),
(111, 'Koprivnički Bregi', 6, 153),
(112, 'Koprivnički Ivanec', 6, 154),
(113, 'Legrad', 6, 155),
(114, 'Molve', 6, 156),
(115, 'Novigrad Podravski', 6, 157),
(116, 'Novo Virje', 6, 158),
(117, 'Peteranec', 6, 159),
(118, 'Podravske Sesvete', 6, 160),
(119, 'Rasinja', 6, 161),
(120, 'Sokolovac', 6, 162),
(121, 'Sveti Ivan Žabno', 6, 163),
(122, 'Sveti Petar Orehovec', 6, 164),
(123, 'Virje', 6, 165),
(124, 'Berek', 7, 172),
(125, 'Dežanovac', 7, 173),
(126, 'Đulovac', 7, 174),
(127, 'Hercegovac', 7, 175),
(128, 'Ivanska', 7, 176),
(129, 'Kapela', 7, 177),
(130, 'Končanica', 7, 178),
(131, 'Nova Rača', 7, 179),
(132, 'Rovišće', 7, 180),
(133, 'Severin', 7, 181),
(134, 'Sirač', 7, 182),
(135, 'Šandrovac', 7, 183),
(136, 'Štefanje', 7, 184),
(137, 'Velika Pisanica', 7, 185),
(138, 'Velika Trnovitica', 7, 186),
(139, 'Veliki Grđevac', 7, 187),
(140, 'Veliko Trojstvo', 7, 188),
(141, 'Zrinski Topolovac', 7, 189),
(142, 'Baška', 8, 205),
(143, 'Brod Moravice', 8, 206),
(144, 'Čavle', 8, 207),
(145, 'Dobrinj', 8, 208),
(146, 'Fužine', 8, 209),
(147, 'Jelenje', 8, 210),
(148, 'Klana', 8, 211),
(149, 'Kostrena', 8, 212),
(150, 'Lokve', 8, 213),
(151, 'Lopar', 8, 214),
(152, 'Lovran', 8, 215),
(153, 'Malinska-Dubašnica', 8, 216),
(154, 'Matulji', 8, 217),
(155, 'Mošćenička Draga', 8, 218),
(156, 'Mrkopalj', 8, 219),
(157, 'Omišalj', 8, 220),
(158, 'Punat', 8, 221),
(159, 'Ravna Gora', 8, 222),
(160, 'Skrad', 8, 223),
(161, 'Vinodolska ', 8, 224),
(162, 'Viškovo', 8, 225),
(163, 'Vrbnik', 8, 226),
(164, 'Brinje', 9, 232),
(165, 'Donji Lapac', 9, 233),
(166, 'Karlobag', 9, 234),
(167, 'Lovinac', 9, 235),
(168, 'Perušić', 9, 236),
(169, 'Plitvička Jezera', 9, 237),
(170, 'Udbina', 9, 238),
(171, 'Vrhovine', 9, 239),
(172, 'Crnac', 10, 244),
(173, 'Čačinci', 10, 245),
(174, 'Čađavica', 10, 246),
(175, 'Gradina', 10, 247),
(176, 'Lukač', 10, 248),
(177, 'Mikleuš', 10, 249),
(178, 'Nova Bukovica', 10, 250),
(179, 'Pitomača', 10, 251),
(180, 'Sopje', 10, 252),
(181, 'Suhopolje', 10, 253),
(182, 'Špišić Bukovica', 10, 254),
(183, 'Voćin', 10, 255),
(184, 'Zdenci', 10, 256),
(185, 'Brestovac', 11, 266),
(186, 'Čaglin', 11, 267),
(187, 'Jakšić', 11, 264),
(188, 'Kaptol', 11, 265),
(189, 'Velika', 11, 263),
(190, 'Bebrina', 12, 271),
(191, 'Brodski Stupnik', 12, 272),
(192, 'Bukovlje', 12, 273),
(193, 'Cernik', 12, 274),
(194, 'Davor', 12, 275),
(195, 'Donji Andrijevci', 12, 276),
(196, 'Dragalić', 12, 277),
(197, 'Garčin', 12, 278),
(198, 'Gornja Vrba', 12, 279),
(199, 'Gornji Bogićevci', 12, 280),
(200, 'Gundinci', 12, 281),
(201, 'Klakar', 12, 282),
(202, 'Nova Kapela', 12, 283),
(203, 'Okučani', 12, 284),
(204, 'Oprisavci', 12, 285),
(205, 'Oriovac', 12, 286),
(206, 'Podcrkavlje', 12, 287),
(207, 'Rešetari', 12, 288),
(208, 'Sibinj', 12, 289),
(209, 'Sikirevci', 12, 290),
(210, 'Slavonski Šamac', 12, 291),
(211, 'Stara Gradiška', 12, 292),
(212, 'Staro Petrovo Selo', 12, 293),
(213, 'Velika Kopanica', 12, 294),
(214, 'Vrbje', 12, 295),
(215, 'Vrpolje', 12, 296),
(216, 'Bibinje', 13, 303),
(217, 'Galovac', 13, 304),
(218, 'Gračac', 13, 305),
(219, 'Jasenice', 13, 306),
(220, 'Kali', 13, 307),
(221, 'Kolan', 13, 309),
(222, 'Kukljica', 13, 308),
(223, 'Lišane Ostrovičke', 13, 310),
(224, 'Novigrad', 13, 312),
(225, 'Pakoštane', 13, 313),
(226, 'Pašman', 13, 314),
(227, 'Polača', 13, 317),
(228, 'Poličnik', 13, 318),
(229, 'Posedarje', 13, 315),
(230, 'Povljana', 13, 316),
(231, 'Preko', 13, 319),
(232, 'Privlaka', 13, 320),
(233, 'Ražanac', 13, 321),
(234, 'Sali', 13, 322),
(235, 'Stankovci', 13, 323),
(236, 'Starigrad', 13, 324),
(237, 'Sukošan', 13, 325),
(238, 'Sveti Filip i Jakov', 13, 326),
(239, 'Škabrnja', 13, 327),
(240, 'Tkon', 13, 328),
(241, 'Vir', 13, 329),
(242, 'Vrsi', 13, 330),
(243, 'Zemunik Donji', 13, 331),
(244, 'Antunovac', 14, 340),
(245, 'Bilje', 14, 341),
(246, 'Bizovac', 14, 342),
(247, 'Čeminac', 14, 343),
(248, 'Čepin', 14, 344),
(249, 'Darda', 14, 345),
(250, 'Donja Motičina', 14, 346),
(251, 'Draž', 14, 347),
(252, 'Drenje', 14, 348),
(253, 'Đurđenovac', 14, 349),
(254, 'Erdut', 14, 350),
(255, 'Ernestinovo', 14, 351),
(256, 'Feričanci', 14, 352),
(257, 'Gorjani', 14, 353),
(258, 'Jagodnjak', 14, 354),
(259, 'Kneževi Vinogradi', 14, 355),
(260, 'Koška', 14, 356),
(261, 'Levanjska Varoš', 14, 357),
(262, 'Magadenovac', 14, 358),
(263, 'Marijanci', 14, 359),
(264, 'Petlovac', 14, 360),
(265, 'Petrijevci', 14, 361),
(266, 'Podgorač', 14, 362),
(267, 'Podravska Moslavina', 14, 363),
(268, 'Popovac', 14, 364),
(269, 'Punitovci', 14, 365),
(270, 'Satnica Đakovačka', 14, 366),
(271, 'Semeljci', 14, 367),
(272, 'Strizivojna', 14, 368),
(273, 'Šodolovci', 14, 369),
(274, 'Trnava', 14, 370),
(275, 'Viljevo', 14, 371),
(276, 'Viškovci', 14, 372),
(277, 'Vladislavci', 14, 373),
(278, 'Vuka', 14, 374),
(279, 'Bilice', 15, 381),
(280, 'Biskupija', 15, 382),
(281, 'Civljane', 15, 383),
(282, 'Ervenik', 15, 384),
(283, 'Kijevo', 15, 385),
(284, 'Kistanje', 15, 386),
(285, 'Murter-Kornati', 15, 387),
(286, 'Pirovac', 15, 388),
(287, 'Primošten', 15, 389),
(288, 'Promina', 15, 390),
(289, 'Rogoznica', 15, 391),
(290, 'Ružić', 15, 392),
(291, 'Tisno', 15, 394),
(292, 'Tribunj', 15, 395),
(293, 'Unešić', 15, 393),
(294, 'Andrijaševci', 16, 402),
(295, 'Babina Greda', 16, 403),
(296, 'Bogdanovci', 16, 404),
(297, 'Borovo', 16, 405),
(298, 'Bošnjaci', 16, 406),
(299, 'Cerna', 16, 407),
(300, 'Drenovci', 16, 408),
(301, 'Gradište', 16, 409),
(302, 'Gunja', 16, 410),
(303, 'Ivankovo', 16, 411),
(304, 'Jarmina', 16, 412),
(305, 'Lovas', 16, 413),
(306, 'Markušica', 16, 414),
(307, 'Negoslavci', 16, 415),
(308, 'Nijemci', 16, 416),
(309, 'Nuštar', 16, 417),
(310, 'Privlaka', 16, 418),
(311, 'Stari Jankovci', 16, 419),
(312, 'Stari Mikanovci', 16, 420),
(313, 'Štitar', 16, 421),
(314, 'Tompojevci', 16, 422),
(315, 'Tordinci', 16, 423),
(316, 'Tovarnik', 16, 424),
(317, 'Trpinja', 16, 425),
(318, 'Vođinci', 16, 426),
(319, 'Vrbanja', 16, 427),
(320, 'Baška Voda', 17, 446),
(321, 'Bol', 17, 445),
(322, 'Brela', 17, 447),
(323, 'Cista Provo', 17, 483),
(324, 'Dicmo', 17, 448),
(325, 'Dugi Rat', 17, 449),
(326, 'Dugopolje', 17, 450),
(327, 'Gradac', 17, 451),
(328, 'Hrvace', 17, 452),
(329, 'Jelsa', 17, 453),
(330, 'Klis', 17, 454),
(331, 'Lećevica', 17, 455),
(332, 'Lokvičići', 17, 456),
(333, 'Lovreć', 17, 457),
(334, 'Marina', 17, 458),
(335, 'Milna', 17, 459),
(336, 'Muć', 17, 460),
(337, 'Nerežišća', 17, 461),
(338, 'Okrug', 17, 462),
(339, 'Otok', 17, 398),
(340, 'Podbablje', 17, 464),
(341, 'Podgora', 17, 465),
(342, 'Podstrana', 17, 466),
(343, 'Postira', 17, 467),
(344, 'Prgomet', 17, 468),
(345, 'Primorski Dolac', 17, 469),
(346, 'Proložac', 17, 470),
(347, 'Pučišća', 17, 471),
(348, 'Runovići', 17, 472),
(349, 'Seget', 17, 473),
(350, 'Selca', 17, 474),
(351, 'Sućuraj', 17, 475),
(352, 'Sutivan', 17, 476),
(353, 'Šestanovac', 17, 477),
(354, 'Šolta', 17, 478),
(355, 'Tučepi', 17, 479),
(356, 'Zadvarje', 17, 480),
(357, 'Zagvozd', 17, 481),
(358, 'Zmijavci', 17, 482),
(359, 'Bale-Valle', 18, 495),
(360, 'Barban', 18, 496),
(361, 'Brtonigla-Verteneglio', 18, 497),
(362, 'Cerovlje', 18, 498),
(363, 'Fažana-Fasana', 18, 499),
(364, 'Funtana-Fontane', 18, 500),
(365, 'Gračišće', 18, 501),
(366, 'Grožnjan-Grisignana', 18, 502),
(367, 'Kanfanar', 18, 503),
(368, 'Karojba', 18, 504),
(369, 'Kaštelir-Labinci-Castelliere-S. Domenica', 18, 505),
(370, 'Kršan', 18, 506),
(371, 'Lanišće', 18, 507),
(372, 'Ližnjan-Lisignano', 18, 508),
(373, 'Lupoglav', 18, 509),
(374, 'Marčana', 18, 510),
(375, 'Medulin', 18, 511),
(376, 'Motovun-Montona', 18, 512),
(377, 'Oprtalj-Portole', 18, 513),
(378, 'Pićan', 18, 514),
(379, 'Raša', 18, 515),
(380, 'Sveta Nedelja', 18, 5),
(381, 'Sveti Lovreč', 18, 516),
(382, 'Sveti Petar u Šumi', 18, 518),
(383, 'Svetvinčenat', 18, 519),
(384, 'Tar-Vabriga-Torre Abrega', 18, 520),
(385, 'Tinjan', 18, 521),
(386, 'Višnjan-Visignano', 18, 522),
(387, 'Vižinada-Visinada', 18, 523),
(388, 'Vrsar-Orsera', 18, 524),
(389, 'Žminj', 18, 525),
(390, 'Blato', 19, 532),
(391, 'Dubrovačko primorje', 19, 533),
(392, 'Janjina', 19, 534),
(393, 'Konavle', 19, 536),
(394, 'Kula Norinska', 19, 535),
(395, 'Lastovo', 19, 537),
(396, 'Lumbarda', 19, 538),
(397, 'Mljet', 19, 539),
(398, 'Orebić', 19, 540),
(399, 'Pojezerje', 19, 541),
(400, 'Slivno', 19, 542),
(401, 'Smokvica', 19, 543),
(402, 'Ston', 19, 544),
(403, 'Trpanj', 19, 545),
(404, 'Vela Luka', 19, 546),
(405, 'Zažablje', 19, 547),
(406, 'Župa dubrovačka', 19, 548),
(407, 'Belica', 20, 553),
(408, 'Dekanovec', 20, 554),
(409, 'Domašinec', 20, 555),
(410, 'Donja Dubrava', 20, 556),
(411, 'Donji Kraljevec', 20, 557),
(412, 'Donji Vidovec', 20, 558),
(413, 'Goričan', 20, 559),
(414, 'Gornji Mihaljevec', 20, 560),
(415, 'Kotoriba', 20, 561),
(416, 'Mala Subotica', 20, 562),
(417, 'Nedelišće', 20, 563),
(418, 'Orehovica', 20, 564),
(419, 'Podturen', 20, 565),
(420, 'Pribislavec', 20, 566),
(421, 'Selnica', 20, 567),
(422, 'Strahoninec', 20, 569),
(423, 'Sveta Marija', 20, 571),
(424, 'Sveti Juraj na Bregu', 20, 572),
(425, 'Sveti Martin na Muri', 20, 573),
(426, 'Šenkovec', 20, 568),
(427, 'Štrigova', 20, 570),
(428, 'Vratišinec', 20, 574);

-- --------------------------------------------------------

--
-- Table structure for table `CONTACT`
--

CREATE TABLE `CONTACT` (
  `ID` smallint(6) NOT NULL,
  `NAME` varchar(50) COLLATE utf8_croatian_ci DEFAULT NULL,
  `ADDRESS` varchar(50) COLLATE utf8_croatian_ci NOT NULL,
  `ZIP_CODE` smallint(5) UNSIGNED DEFAULT NULL,
  `PHONE` varchar(100) COLLATE utf8_croatian_ci NOT NULL,
  `FAX` varchar(30) COLLATE utf8_croatian_ci DEFAULT NULL,
  `EMAIL` varchar(100) COLLATE utf8_croatian_ci NOT NULL,
  `WEB` varchar(40) COLLATE utf8_croatian_ci NOT NULL,
  `GOVERNOR` varchar(30) COLLATE utf8_croatian_ci NOT NULL,
  `VICE` varchar(30) COLLATE utf8_croatian_ci NOT NULL,
  `VICE_2` varchar(30) COLLATE utf8_croatian_ci DEFAULT NULL,
  `VICE_MINORITIES` varchar(200) COLLATE utf8_croatian_ci DEFAULT NULL,
  `PRESIDENT_REPRESENTATIVE_BODY` varchar(30) COLLATE utf8_croatian_ci NOT NULL
) ENGINE=InnoDB DEFAULT CHARSET=utf8 COLLATE=utf8_croatian_ci;

--
-- Dumping data for table `CONTACT`
--

INSERT INTO `CONTACT` (`ID`, `NAME`, `ADDRESS`, `ZIP_CODE`, `PHONE`, `FAX`, `EMAIL`, `WEB`, `GOVERNOR`, `VICE`, `VICE_2`, `VICE_MINORITIES`, `PRESIDENT_REPRESENTATIVE_BODY`) VALUES
(1, 'DUGO SELO', 'JOSIPA ZORIĆA 1', 10370, '01/2753-705', '01/2753-244', 'gradonacelnik@dugoselo.hr', 'www.dugoselo.hr', 'NENAD PANIAN', 'JASMINKA KOKOT BAMBIĆ', 'NIKOLA TOMINAC', '', 'DARJAN BUDIMIR'),
(2, 'IVANIĆ-GRAD', 'PARK HRVATSKIH BRANITELJA 1', 10310, '01/2831-376', '', 'grad@ivanic-grad.hr', 'www.ivanic-grad.hr', 'JAVOR BOJAN LEŠ', 'ŽELJKO POSILOVIĆ', 'TOMISLAV CUVAJ', '', 'ŽELJKO PONGRAC'),
(3, 'JASTREBARSKO', 'TRG J. J. STROSSMAYERA 13', 10450, '01/6281-110', '01/6281-112', 'info@jastrebarsko.hr', 'www.jastrebarsko.hr', 'ZVONIMIR NOVOSEL', 'STIPE BUČAR', 'DOMAGOJ ŠLAT', '', 'ŽELJKA KOVAČIĆ'),
(4, 'SAMOBOR', 'TRG KRALJA TOMISLAVA 5', 10430, '01/3378-111', '01/3378-113', 'info@samobor.hr', 'www.samobor.hr', 'KREŠO BELJAK', 'ŽELJKO STANEC', 'SANJA HORVAT IVEKOVIĆ', '', 'MIRAN ŠOIĆ'),
(5, 'SVETA NEDELJA', 'TRG ANTE STARČEVIĆA 5', 10431, '01/3335-444', '01/3373-564', 'ured@grad-svetanedelja.hr', 'www.grad-svetanedelja.hr', 'DARIO ZUROVEC', 'DAVOR NAĐI', 'MARIJA HRŠAK', '', 'MATEJ VRDOLJAK'),
(6, 'SVETI IVAN ZELINA', 'TRG ANTE STARČEVIĆA 12', 10380, '01/2019-200', '01/2019-202', 'grad@zelina.hr', 'www.zelina.hr', 'HRVOJE KOŠĆEC', 'MARIO DUKARIĆ', 'INES PAVKOVIĆ HRUPEC', '', 'DARKO BISTRIČKI'),
(7, 'VELIKA GORICA', 'TRG KRALJA TOMISLAVA 34', 10410, '01/6269-911', '01/6221-257', 'ured.gradonacelnika@gorica.hr', 'www.gorica.hr', 'DRAŽEN BARIŠIĆ', 'KREŠIMIR AČKAR', 'ERVIN KOLAREC', '', 'NEVEN KARAS'),
(8, 'VRBOVEC', 'TRG PETRA ZRINSKOG 9', 10340, '01/2799-900', '01/2791-015', 'grad-vrbovec@vrbovec.hr', 'www.vrbovec.hr', 'DENIS KRALJ', 'IVICA STRNŠČAK', 'ROBERT ĐURANEC', '', 'DEJAN JAIĆ'),
(9, 'ZAPREŠIĆ', 'NOVA ULICA 10', 10290, '01/3717-555', '01/3315-112', 'zturk@zapresic.hr', 'www.zapresic.hr', 'ŽELJKO TURK', 'DAMIR BENČEVIĆ', 'ALAN LABUS', '', 'DRAGO BAGO'),
(10, 'BEDENICA', 'BEDENICA 112', 10381, '01/2043-550', '01/2043-541', 'opcina.bedenica@zg.t-com.hr', 'www.bedenica.hr', 'SLAVKO CVRLJA', 'IVAN BUKOVEC', '', '', 'INES ŠKOF'),
(11, 'BISTRA', 'BISTRANSKA 98', 10298, '01/3390-039', '01/3357-462', 'opcina-bistra@bistra.hr', 'www.bistra.hr', 'KREŠIMIR GULIĆ', 'DANIJEL DRVIŠ', '', '', 'MARIJA GREGUROVIĆ'),
(12, 'BRCKOVLJANI', 'JOSIPA ZORIĆA 1', 10370, '01/2753-524,01/2754-633', '01/2753-526', 'opcina-brckovljani@zg.t-com.hr', 'www.brckovljani.hr', 'ŽELJKO FUNTEK', 'STJEPAN HORVAT', '', '', 'ANA MUNIĆ'),
(13, 'BRDOVEC', 'BRDOVEC', 10291, '01/3310-350', '01/3310-322', 'opcina-brdovec@zg.t-com.hr', 'www.brdovec.hr', 'ALEN PRELEC', 'ZVONKO KLJUČARIĆ', 'STJEPKO RUKELJ', '', 'DAMIR SLAVNOVIĆ'),
(14, 'DUBRAVA', 'BRAĆE RADIĆ 2', 10342, '01/2725-821,01/2726-444', '01/2728-788', 'opcina.dubrava@zg.t-com.hr', 'www.općina-dubrava.hr', 'TOMISLAV OKROŠA', 'ANTE GRIZELJ', '', '', 'KRISTINA GAZEC'),
(15, 'DUBRAVICA', 'PAVLA ŠTOOSA 3', 10293, '01/3399-360', '01/3399-707', 'opcina@dubravica.hr', 'www.dubravica.hr', 'MARIN ŠTRITOF', 'KRUNO STIPERSKI', '', '', 'IVICA STIPERSKI'),
(16, 'FARKAŠEVAC', 'FARKAŠEVAC 43', 10344, '01/2727-003', '01/2727-272', 'opcina.farkasevac@zg.t-com.hr', 'www.opcina-farkasevac.hr', 'DRAŽEN DRAGANIĆ', 'DUŠKO ŠVEC', '', '', 'TOMISLAV STRIKA'),
(17, 'GRADEC', 'GRADEC 134', 10345, '01/2797-097', '01/2797-097', 'opcina.gradec@zg.t-com.hr', 'www.gradec.hr', 'LJUBICA AMBRUŠEC', 'ADMIR SMAJLOVIĆ', '', '', 'GORDANA IVAČIN'),
(18, 'JAKOVLJE', 'ULICA ADELE SIXTA 2', 10297, '01/3351-887', '01/3319-529', 'opcina-jakovlje@zg.t-com.hr', 'www.jakovlje.hr', 'SANJA BOROVEC', 'MARIO HLAD', '', '', 'MARIJAN CAPEK'),
(19, 'KLINČA SELA', 'KARLOVAČKA 28E', 10452, '01/6289-899', '01/6289-899', 'opcina.klinca.sela@klinca-sela.hr', 'www.klinca-sela.hr', 'MILJENKO VUČKOVIĆ', 'PETAR PALIJAŠ', '', '', 'MIRKO HORVATIĆ'),
(20, 'KLOŠTAR IVANIĆ', 'ŠKOLSKA 22', 10312, '01/2892-341', '01/2892-450', 'nacelnik@klostar-ivanic.hr', 'www.klostar-ivanic.hr', 'ŽELJKO FILIPOVIĆ', 'BRANKO ŠAFRAN', '', '', 'KREŠIMIR BUNJEVAC'),
(21, 'KRAŠIĆ', 'KRAŠIĆ 101', 10454, '01/6270-488', '01/6271-635', 'opcina-krasic@zg.t-com.hr', 'www.krasic.hr', 'JOSIP PETKOVIĆ FAJNIK', 'JOSIP ŠPOLJAR', '', '', 'DAMIR ILIJANIĆ'),
(22, 'KRAVARSKO', 'TRG STJEPANA RADIĆA 1', 10413, '01/6237-022', '', 'opcina@kravarsko.hr', 'www.kravarsko.hr', 'VLADO KOLAREC', 'STJEPAN TIČARIĆ', '', '', 'ZDRAVKO HORVAČIĆ'),
(23, 'KRIŽ', 'TRG SV. KRIŽA 5', 10314, '01/2831-510', '01/2831-523', 'info@opcina-kriz.hr', 'www.opcina-kriz.hr', 'MARKO MAGDIĆ', 'ZLATKO HRASTIĆ', '', '', 'MLADEN ROGIĆ'),
(24, 'LUKA', 'TRG SVETOG ROKA 1', 10296, '01/3393-560', '01/3357-678', 'luka@opcina-luka.hr', 'www.opcina-luka.hr', 'DARKO KRALJ', 'VALENTINA POSTRUŽIN', '', '', 'ŽELJKO KOSTANJČAR'),
(25, 'MARIJA GORICA', 'GORIČKA 18/A', 10299, '01/3395-868', '01/3396-655', 'marija.gorica@email.t-com.hr', 'www.marija-gorica.hr', 'MARICA JANČIĆ', 'BORIS MAJERIĆ', '', '', 'JOSIP ŽAGMEŠTAR'),
(26, 'ORLE', 'ORLE 5', 10411, '01/6239-096', '01/6239-609', 'opcina.orle@zg.ht.hr', 'www.opcina-orle.hr', 'ERVIN VUJICA', 'DRAŽEN PODLEJAN', '', '', 'ANDRIJA ŠČRBAK'),
(27, 'PISAROVINA', 'TRG STJEPANA RADIĆA 13', 10451, '01/6291-197,01/6291-616', '', 'opcina-pisarovina@zg.t-com.hr', 'www.pisarovina.hr', 'TOMO KOVAČIĆ', 'ŠTEFICA RADINIĆ', '', '', 'TOMO SMOLKOVIĆ'),
(28, 'POKUPSKO', 'POKUPSKO 25A', 10414, '01/6266-113', '01/6266-250', 'nacelnik@pokupsko.hr', 'www.pokupsko.hr', 'BOŽIDAR ŠKRINJARIĆ', 'STJEPAN ŠANDOR', '', '', 'STJEPAN SUČEC'),
(29, 'PRESEKA', 'PRESEKA 57', 10346, '01/2724-768', '01/2724-607', 'opcinsko.vijece.preseka@zg.t-com.hr', 'www.opcina-preseka.hr', 'NIKOLA KOŽAR', 'IVAN PAVLIČEK', '', '', 'IVICA VIMISLICKI'),
(30, 'PUŠĆA', 'KUMROVEČKA 109', 10294, '01/3310-055,01/3310-340', '01/3310-341', 'opcina.pusca@gmail.com', 'www.pusca.hr', 'ANĐELA CIRKVENI', 'ŠTEFANIJA GORUPEC', '', '', 'ANĐELKO ŽDRAVAC'),
(31, 'RAKOVEC', 'RAKOVEC 54', 10347, '01/2798-005', '01/2798-005', 'opcina-rakovec@zg.t-com.hr', 'www.rakovec.hr', 'BRANKICA BENC', 'MARTINA ŠMAR', '', '', 'IVAN ZADRAVEC'),
(32, 'RUGVICA', 'TRG J. PREDAVCA 1', 10370, '01/2764-220,01/2764-215', '01/2774-444', 'opcina.rugvica@zg.t-com.hr', 'www.rugvica.hr', 'MATO ČIČAK', 'NENAD JAKŠIĆ', '', '', 'ANA MUNIĆ'),
(33, 'STUPNIK', 'GORNJOSTUPNIČKA 33', 10255, '01/6589-300', '01/6593-988', 'opcina-stupnik@zg.t-com.hr', 'www.stupnik.hr', 'BRUNO PERKOVIĆ', 'DANIJEL MIHOLIĆ', '', '', 'JOSIP PIPIĆ'),
(34, 'ŽUMBERAK', 'KOSTANJEVAC 5', 10455, '01/6279-907', '01/6272-186', 'opcina.zumberak@zg.t-com.hr', 'www.zumberak.hr', 'ZDENKO ŠILJAK', 'MARKO VLAHOVIĆ', '', '', 'JOSIP MAHOVLIĆ'),
(35, 'ZAGREBAČKA', 'ULICA GRADA VUKOVARA 72/V', 10000, '01/6009-473', '01/6009-489', 'pisarnica@zagrebacka-zupanija.hr', 'www.zagrebacka-zupanija.hr', 'STJEPAN KOŽIĆ', 'NADICA ŽUŽAK', 'HRVOJE FRANKIĆ', '', 'MIHAEL ZMAJLOVIĆ'),
(36, 'DONJA STUBICA', 'TRG MATIJE GUPCA 20/II', 49240, '049/286-141', '049/286-112', 'stubica@kr.t-com.hr', 'www.donjastubica.hr', 'NIKOLA GOSPOČIĆ', 'LUKA GRABUŠIĆ', '', '', 'NIKOLA BOROMISA'),
(37, 'KLANJEC', 'TRG MIRA 11', 49290, '049/550-615,049/550-250', '049/550-324', 'grad-klanjec@kr.t-com.hr', 'www.klanjec.hr', 'ZLATKO BRLEK', 'ZVONKO SEVER', '', '', 'MIRKO LUNKO'),
(38, 'KRAPINA', 'MAGISTRATSKA 30', 49000, '049/382-400', '049/371-211', 'krapina@krapina.hr', 'www.krapina.hr', 'ZORAN GREGUROVIĆ', 'BRANKO VARJAČIĆ', 'DRAGUTIN KOZINA', '', 'IVICA HRŠAK'),
(39, 'OROSLAVJE', 'ORO TRG 1', 49243, '049/284-175', '049/284-175', 'grad-oroslavje@kr.t-com.hr', 'www.oroslavje.hr', 'EMIL GREDIČAK', 'AUGUSTIN FLEGAR', '', '', 'STANKO ČIČKO'),
(40, 'PREGRADA', 'JOSIPA KARLA TUŠKANA 2', 49218, '049/376-052', '049/376-132', 'grad@pregrada.hr', 'www.pregrada.hr', 'MARKO VEŠLIGAJ', 'GORDANA KRIŽANEC RUŽIĆ', '', '', 'TAJANA BROZ'),
(41, 'ZABOK', 'ZIVTOV TRG 10', 49210, '049/587-777', '049/587-757', 'zabok@zabok.hr', 'www.zabok.hr', 'IVAN HANŽEK', 'VALENTINA ĐUREK', '', '', 'ŽARKO IVANČIĆ'),
(42, 'ZLATAR', 'PARK HRVATSKE MLADEŽI 2', 49250, '049/466-627', '049/466-703', 'grad@zlatar.hr', 'www.zlatar.hr', 'JASENKA AUGUŠTAN PENTEK', 'STANKO MAJDAK', '', '', 'KRUNOSLAV KLANCIR'),
(43, 'BEDEKOVČINA', 'TRG ANTE STARČEVIĆA 4', 49221, '049/213-040,049/213-963', '049/214-893', 'info@bedekovcina.hr', 'www.bedekovcina.hr', 'DARKO BAN', 'JANKO BUZJAK', '', '', 'ŽELJKO NOVOSEL'),
(44, 'BUDINŠČINA', 'BUDINŠČINA 6', 49284, '049/459-192,049/459-175', '049/459-192', 'opcina.budinscina@kr.htnet.hr', 'www.budinscina.hr', 'RADOVAN HERCIGONJA', 'DRAGUTIN DUGAN', '', '', 'DIJANA MARGETIĆ'),
(45, 'DESINIĆ', 'TRG SVETOG JURJA 7', 49216, '049/343-146', '049/300-610', 'opcina-desinic@kr.t-com.hr', 'www.desinic.hr', 'ZVONKO ŠKREBLIN', 'SREĆKO ŠLOGAR', '', '', 'VELIMIR ŠLOGAR'),
(46, 'ĐURMANEC', 'ĐURMANEC 137', 49225, '049/346-326', '049/346-327', 'opcina-djurmanec1@kr.t-com.hr', 'www.djurmanec.hr', 'DAMIR BELOŠEVIĆ', 'IVANČICA HRČEK', '', '', 'JOSIP PETROVIĆ'),
(47, 'GORNJA STUBICA', 'TRG SVETOG JURJA 2', 49245, '049/289-282', '049/289-687', 'opcina-gornja-stubica@kr.t-com.hr', 'www.gornjastubica.hr', 'JASMIN KRIZMANIĆ', 'VLADIMIR ŠKVORC', '', '', 'ĐURĐICA LABAŠ'),
(48, 'HRAŠĆINA', 'TRGOVIŠĆE 23 C', 49283, '049/459-391', '049/459-391', 'opcina.hrascina.trgovisce@kr.t-com.hr', 'www.opcina-trgovisce.hr', 'BRANKO TUKAČ', 'LJUBICA MIKULČIĆ', '', '', 'ŽELJKO ZOZOLI'),
(49, 'HUM NA SUTLI', 'HUM NA SUTLI 175', 49231, '049/382-382', '049/341-095', 'pisarnica@humnasutli.hr', 'www.humnasutli.hr', 'ZVONKO JUTRIŠA', 'TANJA TOPIĆ', '', '', 'RAJKO JUTRIŠA'),
(50, 'JESENJE', 'GORNJE JESENJE 103', 49233, '049/375-503', '049/375-503', 'jesenje@jesenje.hr', 'www.jesenje.hr', 'ANDRIJA RANOGAJEC', 'FILIP ŠOŠTARIĆ', '', '', 'ZDENKO BRODAR'),
(51, 'KONJŠČINA', 'IVICE GLUHAKA 13', 49282, '049/465-905', '049/465-905', 'opcina.konjscina@kr.t-com.hr', 'www.konjscina.hr', 'MIRKO KRZNAR', 'VLADIMIR HAĐINA', '', '', 'IVICA CRNEKOVIĆ'),
(52, 'KRALJEVEC NA SUTLI', 'KRALJEVEC NA SUTLI 132', 49294, '049/554-523', '049/502-403', 'opcina.kraljevec.ns@kr.t-com.hr', 'www.kraljevecnasutli.hr', 'DANIJELA PONGRAC', 'MARIO HARAPIN', '', '', 'ANTUN HRELJA'),
(53, 'KRAPINSKE TOPLICE', 'ANTUNA MIHANOVIĆA 3', 49217, '049/232-267', '049/232-707', 'info@krapinske-toplice.hr', 'www.krapinske-toplice.hr', 'ERNEST SVAŽIĆ', 'VLADIMIR HUZAK', '', '', 'ZVONKO OČIĆ'),
(54, 'KUMROVEC', 'JOSIPA BROZA 12', 49295, '049/553-728', '049/553-728', 'opcina@kumrovec.hr', 'www.kumrovec.hr', 'ROBERT ŠPLAJT', 'DANIJELA LONČAR', '', '', 'TOMICA BROZ'),
(55, 'LOBOR', 'TRG SVETE ANE 26', 49253, '049/430-531', '049/430-090', 'opcina@lobor.hr', 'www.lobor.hr', 'LJUBICA JEMBRIH', 'JOSIP HORVAT', '', '', 'MIRKO MARTINUŠ'),
(56, 'MAČE', 'MAČE 30', 49251, '049/466-075', '049/466-076', 'opcina.mace@kr.t-com.hr', 'www.opcina-mace.hr', 'MLADENKA MIKULEC', 'IVAN HERCEG', '', '', 'MLADEN SEDAK BENČIĆ'),
(57, 'MARIJA BISTRICA', 'TRG PAPE IVANA PAVLA II 34', 49246, '049/469-119,049/469-060', '049/469-595', 'opcina.marija.bistrica@kr.t-com.hr', 'www.marija-bistrica.hr', 'JOSIP MILIČKI', 'DUBRAVKA BARTOLOVIĆ', '', '', 'TEODOR ŠVALJEK'),
(58, 'MIHOVLJAN', 'MIHOVLJAN 48', 49252, '049/435-378', '049/435-498', 'opcina-mihovljan@kr.t-com.hr', 'www.mihovljan.hr', 'ZLATKO BARTOLIĆ', 'SILVESTAR VUČKOVIĆ', '', '', 'ŽELJKO ČLEKOVIĆ'),
(59, 'NOVI GOLUBOVEC', 'NOVI GOLUBOVEC 35', 49255, '049/412-648', '049/412-648', 'opcina-novi-golubovec@kr.t-com.hr', 'www.novi-golubovec.hr', 'BORIS TUŠEK', 'STJEPAN BROZD', '', '', 'MLADEN KOS'),
(60, 'PETROVSKO', 'PETROVSKO 1', 49234, '049/348-195', '049/348-195', 'info@petrovsko.hr', 'www.petrovsko.hr', 'IVAN ŠANJUG', 'STJEPAN KRKLEC', '', '', 'ŽELJKO VUČILOVSKI'),
(61, 'RADOBOJ', 'RADOBOJ 8', 49232, '049/349-110,049/349-109', '049/350-112', 'opcina@radoboj.hr', 'www.radoboj.hr', 'ANĐELKO TOPOLOVEC', 'STJEPAN SIROVEC', '', '', 'IGOR CIGULA'),
(62, 'STUBIČKE TOPLICE', 'VIKTORA ŠIPEKA 16', 49244, '049/282-733', '049/282-940', 'nacelnik@stubicketoplice.hr', 'www.stubicketoplice.hr', 'JOSIP BELJAK', 'ANICA BENGER', '', '', 'NEDJELJKO ĆUK'),
(63, 'SVETI KRIŽ ZAČRETJE', 'TRG HRVATSKE KRALJICE JELENE 1', 49223, '049/227-764', '049/227-850', 'info@sveti-kriz-zacretje.hr', 'www.sveti-kriz-zacretje.hr', 'MARKO KOS', 'STJEPAN CIGLENEČKI', '', '', 'IVICA ROGINIĆ'),
(64, 'TUHELJ', 'TUHELJ 36', 49215, '049/556-105,049/557-244', '049/556-105', 'opcina.tuhelj@kr.t-com.hr', 'www.tuhelj.hr', 'MLADEN HERCIGONJA', 'VERONIKA KOLMAN', '', '', 'ROBERT ROMIĆ'),
(65, 'VELIKO TRGOVIŠĆE', 'TRG STJEPANA I FRANJE TUĐMANA 2', 49214, '049/236-424', '049/236-763', 'info@veliko-trgovisce.hr', 'www.veliko-trgovisce.hr', 'ROBERT GREBLIČKI', 'ŠTEFICA KUKOLJA', '', '', 'ZLATKO ŽEINSKI'),
(66, 'ZAGORSKA SELA', 'ZAGORSKA SELA 38', 49296, '049/510-378', '049/510-070', 'opcina.zagorska.sela1@kr.t-com.hr', 'www.zagorska-sela.hr', 'KSENIJA KRIVEC JURAK', 'MIRKO MAČEK', '', '', 'DANIJELA MAČEK'),
(67, 'ZLATAR BISTRICA', 'VLADIMIRA NAZORA 56', 49247, '049/461-073', '049/462-143', 'zlatar-bistrica@zlatar-bistrica.hr', 'www.zlatar-bistrica.hr', 'ŽARKO MIHOLIĆ', 'DRAŽEN MIKULEC', '', '', 'VLADIMIR FRČKO'),
(68, 'KRAPINSKO-ZAGORSKA', 'MAGISTRATSKA 1', 49000, '049/329-111', '049/329-211', 'ured.zupana@kzz.hr', 'www.kzz.hr', 'ŽELJKO KOLAR', 'ANĐELKO FEREK-JAMBREK', 'JASNA PETEK', '', 'VLASTA HUBICKI'),
(69, 'GLINA', 'TRG BANA JOSIPA JELAČIĆA 2', 44400, '044/551-600', '044/551-639', 'gradonacelnik@grad-glina.hr', 'www.grad-glina.hr', 'STJEPAN KOSTANJEVIĆ', 'DARIO ŽINIĆ', '', 'BRANKA BAKŠIĆ-ZAMJENICA GRADONAČELNIKA IZ REDA PRIPADNIKA SRPSKE NACIONALNE MANJINE', 'ŽELJKO ŠEŠERIN'),
(70, 'HRVATSKA KOSTAJNICA', 'TRG N. Š. ZRINSKOG 1', 44430, '044/551-551', '044/551-542', 'ured-gradonačelnika@hrvatska-kostajnica.hr', 'www.hrvatska-kostajnica.hr', 'DALIBOR BIŠĆAN', 'MILKO PRPIĆ', '', 'MILAN VUKELIĆ-ZAMJENIK GRADONAČELNIKA IZ REDA PRIPADNIKA SRPSKE NACIONALNE MANJINE', 'IVAN ČUBAKOVIĆ'),
(71, 'KUTINA', 'TRG KRALJA TOMISLAVA 12', 44320, '044/692-010', '044/683-463', 'info@kutina.hr', 'www.kutina.hr', 'ZLATKO BABIĆ', 'SONJA REPIĆ', 'DAMIR MARKUŠ', '', 'DAVOR KLJAKIĆ'),
(72, 'NOVSKA', 'TRG DR. FRANJE TUĐMANA 2', 44330, '044/691-500', '044/691-518', 'grad@novska.hr', 'www.novska.hr', 'MARIN PILETIĆ', 'MARIJA KUŠMIŠ', 'SINIŠA KESIĆ', '', 'IVICA VULIĆ'),
(73, 'PETRINJA', 'IVANA GUNDULIĆA 2', 44250, '044/515-222', '044/515-255', 'info@petrinja.hr', 'www.petrinja.hr', 'DARINKO DUMBOVIĆ', 'VIKTORIJA KALEB', 'BRANIMIR BEŠLIĆ', '', 'MAGDALENA POBOR'),
(74, 'SISAK', 'RIMSKA 26', 44000, '044/510-110', '044/510-166', 'medij@sisak.hr', 'www.sisak.hr', 'KRISTINA IKIĆ BANIČEK', 'MARKO KRIČKA', 'IVICA RENDULIĆ', '', 'IVANA KRČELIĆ'),
(75, 'DONJI KUKURUZARI', 'DON ANTE LIZATOVIĆA 2', 44430, '044/857-021', '044/857-022', 'opcina.donji.kukuruzari@sk.t-com.hr', 'www.donji-kukuruzari.hr', 'LUCIJA MATKOVIĆ', 'IVAN ČIVČIĆ', '', 'DALIBOR KUKURUZAR-ZAMJENIK OPĆINSKOG NAČELNIKA IZ REDA PRIPADNIKA SRPSKE NACIONALNE MANJINE', 'STIPO ŠAPINA'),
(76, 'DVOR', 'DVOR', 44, '44440', '044/525-299', 'nacelnik@dvor.hr', 'www.dvor.hr', 'NIKOLA ARBUTINA', 'MILAN RUDIĆ', '', 'FRANJO JURANOVIĆ-ZAMJENIK OPĆINSKOG NAČELNIKA IZ REDA PRIPADNIKA HRVATSKOG NARODA', 'STJEPAN BUIĆ'),
(77, 'GVOZD', 'TRG DR. FRANJE TUĐMANA 6', 44410, '044/526-151', '044/526-158', 'opcina-gvozd@sk.t-com.hr', 'www.gvozd.hr', 'MILAN VRGA', 'BRANKO JOVIČIĆ', '', 'MARIJA IDŽAN-ZAMJENICA IZ REDA PRIPADNIKA HRVATSKOG NARODA', 'MARICA POLOJAC'),
(78, 'HRVATSKA DUBICA', 'VJEKOSLAVA VENKA 4', 44430, '044/855-002,044/855-003', '044/855-002,044/855-003', 'nacelnik.hrvatska.dubica@sk.t-com.hr', 'www.hrvatska-dubica.hr', 'RUŽICA KARAGIĆ', 'ŽELJKA VUKOVIĆ', '', 'ĐORĐE TOMIĆ-ZAMJENIK OPĆINSKOG NAČELNIKA IZ REDA PRIPADNIKA SRPSKE NACIONALNE MANJINE', 'KATA KARAGIĆ'),
(79, 'JASENOVAC', 'TRG KRALJA PETRA SVAČIĆA 19', 44324, '044/672-001,044/672-005,', '044/672-005', 'opcina_jasenovac@net.hr', 'www.općina-jasenovac', 'MARIJA MAČKOVIĆ', 'SILVIJE BALIĆ', '', '', 'DUBRAVKO BRADAŠIĆ'),
(80, 'LEKENIK', 'ZAGREBAČKA 44', 44272, '044/527-811', '044/527-818', 'opcina-lekenik@sk.t-com.hr', 'www.lekenik.hr', 'IVICA PEROVIĆ', 'MARIN ČAČIĆ', '', '', 'STJEPAN KUŠAN'),
(81, 'LIPOVLJANI', 'TRG HRVATSKIH BRANITELJA 3', 44320, '044/676-004', '044/611-214', 'opcina@lipovljani.hr', 'www.lipovljani.hr', 'NIKOLA HORVAT', 'LJILJANA TOMIĆ', '', '', 'TOMISLAV LUKŠIĆ'),
(82, 'MAJUR', 'MAJUR', 44, '44430', '044/733-992', 'opcina-majur@sk.htnet.hr', 'www.opcina-majur.hr', 'KLEMENTINA KARANOVIĆ', 'IVANA PAŠKVAN', '', 'PERO DEVETAK-ZAMJENIK OPĆINSKOG NAČELNIKA IZ REDA PRIPADNIKA SRPSKE NACIONALNE MANJINE', 'ZDRAVKO BOBETKO'),
(83, 'MARTINSKA VES', 'DESNA MARTINSKA VES 67', 44201, '044/711-350', '', 'opcina-martinska-ves@sk.htnet.hr', 'www.martinskaves.hr', 'STJEPAN IVOŠ', 'ROBERT POKAS', '', '', 'IVICA ŠAREC'),
(84, 'POPOVAČA', 'TRG GROFOVA ERDODYJA 5', 44317, '044/6797-50', '044/679-140', 'grad@popovaca.hr', 'www.popovaca.hr', 'JOSIP MIŠKOVIĆ', 'IVICA PETROVIĆ', 'IVAN KRIŽANIĆ', '', 'IVICA KESER'),
(85, 'SUNJA', 'TRG KRALJA TOMISLAVA 3', 44210, '044/833-011,044/833-700', '044/833-468', 'opcina-sunja@sk.htnet.hr', 'www.sunja.hr', 'GRGA DRAGIČEVIĆ', 'IVICA KOZARIĆ', '', 'ROBERT GRABUNDŽIJA-ZAMJENIK OPĆINSKOG NAČELNIKA IZ REDA PRIPADNIKA SRPSKE NACIONALNE MANJINE', 'DALIBOR MEDVED'),
(86, 'TOPUSKO', 'OPATOVINA 10', 44415, '044/527-499', '044/527-491', 'opcina-topusko@sk.t-com.hr', 'www.topusko.hr', 'IVICA KUZMIĆ', 'IVICA KIRETA', '', 'JELENA ROKNIĆ-ZAMJENIK OPĆINSKOG NAČELNIKA IZ REDA PRIPADNIKA SRPSKE NACIONALNE MANJINE', 'ZLATKO ISKRIĆ'),
(87, 'VELIKA LUDINA', 'SV. MIHAELA 37', 44316, '044/658-935', '044/658-210', 'opcina@ludina.hr', 'www.opcina-vludina.hr', 'DRAŽEN PAVLOVIĆ', 'DRAŽEN KRALJ', '', '', 'VJEKOSLAV KAMENŠČAK'),
(88, 'SISAČKO-MOSLAVAČKA', 'STJEPANA I ANTUNA RADIĆA 36', 44000, '044/550-111', '044/524-158', 'sluzba@smz.hr', 'www.smz.hr', 'IVO ŽINIĆ', 'ROMAN ROSAVEC', 'IVAN CELJAK', 'DUŠAN BJELAJAC-ZAMJENIK ŽUPANA IZ REDA PRIPADNIKA SRPSKE NACIONALNE MANJINE', 'IVANKA ROKSANDIĆ'),
(89, 'DUGA RESA', 'TRG SV. JURJA 1', 47250, '047/819-000', '047/841-465', 'grad-dugaresa@dugaresa.hr', 'www.dugaresa.hr', 'TOMISLAV BOLJAR', 'MIROSLAV FURDEK', 'KATARINA SRAKOČIĆ', '', 'IVAN MOGUŠ'),
(90, 'KARLOVAC', 'BANJAVČIĆEVA 9', 47000, '047/628-100', '047/628-134', 'gradonacelnik@karlovac.hr', 'www.karlovac.hr', 'DAMIR MANDIĆ', 'ANDREJA NAVIJALIĆ', 'IVAN MRZLJAK', '', 'MARIJANA TOMIČIĆ'),
(91, 'OGULIN', 'B. FRANKOPANA 11', 47300, '047/522-612', '047/522-821', 'grad-ogulin@ogulin.hr', 'www.ogulin.hr', 'DALIBOR DOMITROVIĆ', 'DANIEL VUKELJA', 'IVANA SALOPEK ŠUMONJA', 'NEVEN IVOŠEVIĆ-ZAMJENIK GRADONAČELNIKA IZ REDA PRIPADNIKA SRPSKE NACIONALNE MANJINE', 'ŽELJKO STIPETIĆ'),
(92, 'OZALJ', 'KURILOVAC 1', 47280, '047/731-400', '047/731-172', 'grad.ozalj@ozalj.hr', 'www.ozalj.hr', 'GORDANA LIPŠINIĆ', 'STJEPAN BASAR', '', '', 'BRANKO ZORETIĆ'),
(93, 'SLUNJ', 'TRG DR FRANJE TUĐMANA 12', 47240, '047/777-102', '047/777-122', 'grad-slunj@ka.t-com.hr', 'www.slunj.hr', 'JURE KATIĆ', 'IVAN POŽEGA', '', '', 'IVAN BOGOVIĆ'),
(94, 'BARILOVIĆ', 'BARILOVIĆ 91', 47252, '047/847-100', '047/847-101', 'opcina.brilovic@ka.htnet.hr', 'www.opcina-barilovic.hr', 'DRAŽEN PERAKOVIĆ', 'MIROSLAV MARČAC', '', '', 'JOSIP DOBRINIĆ'),
(95, 'BOSILJEVO', 'BOSILJEVO 15', 47251, '047/857-023,047/857-007', '047/857-026', 'opcina.bosiljevo@ka.t-com.hr,opcina.bosiljevo1@ka.t-com.hr', 'www.bosiljevo.hr', 'JOSIP KASUN', 'DAMIR BROZINIĆ', '', '', 'MARIJAN MATEŠA'),
(96, 'CETINGRAD', 'TRG HRVATSKIH BRANITELJA 2', 47222, '047/781-002', '047/781-006', 'opcina.cetingrad@inet.hr', 'www.cetingrad.hr', 'MARINA KALIĆ', 'TOMISLAV MEDVED', '', 'OSMAN MUŠIĆ-ZAMJENIK OPĆINSKOG NAČELNIKA IZ REDA PRIPADNIKA BOŠNJAČKE NACIONALNE MANJINE', 'NIKOLA PAULIĆ'),
(97, 'DRAGANIĆ', 'DRAGANIĆI 10', 47201, '047/715-136', '047/715-376', 'opcina-draganic@ka.t-com.hr', 'www.draganic.hr', 'STJEPAN BENCETIĆ', 'ANICA DOMLADOVAC', '', '', 'DAVOR GRDOŠIĆ'),
(98, 'GENERALSKI STOL', 'GENERALSKI STOL 32', 47262, '047/861-040', '047/861-620', 'opcina.generalski.stol@ka.t-com.hr', 'www.generalski-stol.hr', 'ALEN HALAR', 'DAMIR KOLIĆ', '', '', 'IVAN ŠKRTIĆ'),
(99, 'JOSIPDOL', 'OGULINSKA 12', 47303, '047/581-298,047/581-633', '047/581-609', 'opcina@josipdol.hr', 'www.josipdol.hr', 'ZLATKO MIHALJEVIĆ', 'NIKICA JAGNJIĆ', '', '', 'JOSIP VUKELIĆ'),
(100, 'KAMANJE', 'KAMANJE 106', 47282, '047/642-288', '047/642-290', 'opcina.kamanje@kamanje.hr', 'www.kamanje.hr', 'DAMIR MATELJAN', 'JOSIP RIBARIĆ', '', '', 'IVAN LUKUNIĆ'),
(101, 'KRNJAK', 'KRNJAK 5', 47242, '047/727-002', '047/727-001', 'opcina-krnjak@ka.t-com.hr', 'www.krnjak.hr', 'DEJAN MIHAJLOVIĆ', 'ILIJA MATIJEVIĆ', '', 'JOSIP LJEVAR-ZAMJENIK OPĆINSKOG NAČELNIKA IZ REDA PRIPADNIKA HRVATSKOG NARODA', 'RADE GRIJAKOVIĆ'),
(102, 'LASINJA', 'LASINJSKA CESTA 19', 47206, '047/884-010,047/884-011,047/884-012,047/884-293', '047/884-010', 'pisarnica@lasinja.hr', 'www.lasinja.hr', 'ŽELJKO PRIGORAC', 'MARIJO PERČIĆ', '', '', 'MIRKO JUŠINSKI'),
(103, 'NETRETIĆ', 'NETRETIĆ 3A', 47271, '047/804-425', '047/804-313', 'opcina.netretic@ka.htnet.hr', 'www.netretic.hr', 'MARIJAN PERETIĆ', 'IVAN FRKETIĆ', '', '', 'TOMISLAV FRKETIĆ'),
(104, 'PLAŠKI', '143.DOMOBRANSKE PUKOVNIJE 1', 47304, '047/573-122,047/573-264', '047/573-122', 'opcina-plaski@ka-htnet.hr', 'www.plaski.hr', 'PERO DAMJANOVIĆ', 'IVAN ŠEGO', '', 'MARA ŠUPICA-ZAMJENICA OPĆINSKOG NAČELNIKA IZ REDA PRIPADNIKA SRPSKE NACIONALNE MANJINE', 'IVICA KLEČINA'),
(105, 'RAKOVICA', 'RAKOVICA 6', 47245, '047/784-011,047/784-102', '047/784-039', 'opcina.rakovica@ka.t-com.hr', 'www.rakovica.hr', 'FRANJO FRANJKOVIĆ', 'MIHOVIL BIĆANIĆ', '', '', 'ZORAN LUKETIĆ'),
(106, 'RIBNIK', 'RIBNIK 4/A', 47271, '047/742-096', '047/742-116', 'opcina.ribnik1@ka.t-com.hr', 'www.ribnik.hr', 'ŽELJKO CAR', 'JOŽE ŽELJEŽNJAK', '', '', 'NIKOLA DOLINAR'),
(107, 'SABORSKO', 'SENJ 44', 47306, '047/571-195', '047/571-196', 'opcina-saborsko1@ka.htnet.hr', 'www.saborsko.hr', 'MARKO BIĆANIĆ', 'ZVONKO KOVAČIĆ', '', 'NIKOLA GRBA-ZAMJENIK OPĆINSKOG NAČELNIKA IZ REDA PRIPADNIKA SRPSKE NACIONALNE MANJINE', 'ZVONKO CONJAR'),
(108, 'TOUNJ', 'LINIJE 3B', 47264, '047/563-003', '047/563-002', 'opcinato@globalnet.hr', 'www.tounj.hr', 'IVICA SOPEK', 'NIKOLINA MATEŠIĆ', '', '', 'NIKOLA FUMIĆ'),
(109, 'VOJNIĆ', 'TRG STJEPANA RADIĆ 1', 47220, '047/883-020', '047/883-021', 'opcina-vojnic@ka.t-com.hr', 'www.vojnic.hr', 'NEBOJŠA ANDRIĆ', 'NIKOLA ŠKRGIĆ', '', 'JOSIP KURTOVIĆ-ZAMJENIK OPĆINSKOG NAČELNIKA IZ REDA PRIPADNIKA HRVATSKOG NARODA', 'RAMO ČOVIĆ'),
(110, 'ŽAKANJE', 'ŽAKANJE 58', 47276, '047/757-836', '047/636-264', 'opcina.zakanje1@ka.t-com.hr', 'www.opcina-zakanje.hr', 'DANIJEL JURKAŠ', 'DINKO IVIČIĆ', '', '', 'ZLATKO BUĆAN'),
(111, 'KARLOVAČKA', 'AMBROZA VRANICZANYA 2', 47000, '047/666-111', '047/666-261', 'zupan@kazup.hr,ured.zupana@kazup.hr,info@kazup.hr', 'www.kazup.hr', 'DAMIR JELIĆ', 'MARTINA FURDEK HAJDIN', 'VESNA HAJSAN DOLINAR', 'MIRKO MARTINOVIĆ-ZAMJENIK ŽUPANA IZ REDA PRIPADNIKA SRPSKE NACIONALNE MANJINE', 'IVAN VUČIĆ'),
(112, 'IVANEC', 'TRG HRVATSKIH IVANOVACA 9B', 42240, '042/404-870', '042/781-103', 'grad@ivanec.hr', 'www.ivanec.hr', 'MILORAD BATINIĆ', 'BRANKO PUTAREK', 'LIDIJA KOZINA', '', 'KSENIJA SEDLAR ĐUNĐEK'),
(113, 'LEPOGLAVA', 'ANTUNA MIHANOVIĆA 12', 42250, '042/770-411', '042/770-419', 'lepoglava@lepoglava.hr', 'www.lepoglava.hr', 'MARIJAN ŠKVARIĆ', 'HRVOJE KOVAČ', '', '', 'ROBERT DUKARIĆ'),
(114, 'LUDBREG', 'TRG SVETOG TROJSTVA 14', 42230, '042/420-200', '042/420-206', 'grad@ludbreg.hr', 'www.ludbreg.hr', 'DUBRAVKO BILIĆ', 'RENATA POTOČNIK', '', '', 'ANTUN ŠIMIĆ'),
(115, 'NOVI MAROF', 'TRG HRVATSKE DRŽAVNOSTI 1', 42220, '042/611-023', '042/611-446', 'grad-novi.marof@vz.htnet.hr', 'www.novi-marof.hr', 'SINIŠA JENKAČ', 'IVAN TUK', 'IVICA ŠANTEK', '', 'MLADEN BENJAK'),
(116, 'VARAŽDIN', 'TRG KRALJA TOMISLAVA 1', 42000, '042/402-502', '042/210-742', 'varazdin@varazdin.hr', 'www.varazdin.hr', 'IVAN ČEHOK', 'ZLATAN AVAR', 'SANDRA MALENICA', '', 'DAMIR HABIJAN'),
(117, 'VARAŽDINSKE TOPLICE', 'ULICA MARŠALA TITA 4', 42223, '042/634-350', '042/634-340', 'info@varazdinske-toplice.hr', 'www.varazdinske-toplice.hr', 'DRAGICA RATKOVIĆ', 'IVICA ČIČAK', '', '', 'FRANJO PRSTEC'),
(118, 'BEDNJA', 'TRG SVETE MARIJE 26', 42253, '042/796-309', '042/771-698', 'info@bednja.hr', 'www.bednja.hr', 'DAMIR POLJAK', 'IVICA HRENIĆ', '', '', 'MARIJA KOLAČKO'),
(119, 'BERETINEC', 'TRG HRVATSKIH BRANITELJA 1', 42201, '042/731-880', '042/731-881', 'opcina-beretinec@vz.t-com.hr', 'www.beretinec.hr', 'IGOR KOS', 'MATIJA KEFELJA', '', '', 'NIKOLA ŽGANEC'),
(120, 'BREZNICA', 'BISAG 23', 42226, '042/616-370', '042/616-210', 'opcina.breznica@vz.htnet.hr', 'www.breznica.hr', 'STJEPAN KROBOT', 'TOMISLAV LEDINSKI', '', '', 'GORAN BRUČI'),
(121, 'BREZNIČKI HUM', 'BREZNLČKI HUM 4', 42225, '042/618-127,091/6180-1277', '042/209-828', 'opcina.breznicki.hum@vt.t-com.hr', 'www.breznicki-hum.hr', 'ZORAN HEGEDIĆ', 'BRANKO MATAK', '', '', 'ŽELJKO SREMEC'),
(122, 'CESTICA', 'DRAVSKA 1A', 42208, '042/724-824', '042/724-825', 'opcina@cestica.hr', 'www.cestica.hr', 'MIRKO KOROTAJ', 'ŽARKO RODEŠ', '', '', 'DARKO MAJHEN'),
(123, 'DONJA VOĆA', 'DONJA VOĆA 26 C', 42245, '042/766-711', '042/766-712', 'opcina@voca.hr,nacelnik@voca.hr', 'www.voca.hr', 'KRUNOSLAV JURGEC', 'JOSIP LAZAR', '', '', 'JOSIP VINCEK'),
(124, 'GORNJI KNEGINEC', 'TRG DR. FRANJE TUĐMANA 2/C', 42204, '042/242-150', '042/242-169', 'opcina@kneginec.hr', 'www.kneginec.hr', 'GORAN KANIŠKI', 'ROBERT ĐURANEC', '', '', 'MIROSLAV BUBNJARIĆ'),
(125, 'JALŽABET', 'TRG BRAĆE RADIĆ 16', 42203, '042/647-522', '042/647-522', 'opcina.jalzabet@vz.t-com.hr', 'www.jalzabet.hr', 'MIRKO MAGIĆ', 'PETRA GRULJA MESARIĆ', '', '', 'JOSIP KRIŽANIĆ'),
(126, 'KLENOVNIK', 'KLENOVNIK 8', 42244, '042/763-301', '042/352-070', 'opcina.klenovnik@vz.t-com.hr', 'www.klenovnik.hr', 'MLADEN BLAŠKO', 'SANJA KOLENKO', '', '', 'SANDA GOLUB'),
(127, 'LJUBEŠĆICA', 'ZAGREBAČKA 22B', 42222, '042/623-888', '042/623-601', 'opcina.ljubescica@vz.t-com.hr', 'www.ljubescica.hr', 'NENAD HORVATIĆ', 'MAJA BAHUNEK', '', '', 'STJEPAN IVANUŠEC'),
(128, 'MALI BUKOVEC', 'ULICA MIHOVILA PAVLEKA MIŠKINE 14', 42231, '042/843-143', '', 'juo@mali-bukovec.hr,opcina@mali-bukovec.hr', 'www.mali-bukovec.hr', 'DARKO MARKOVIĆ', 'SLAĐAN MUSTAČ', '', '', 'ZLATKO GOLEC'),
(129, 'MARTIJANEC', 'VARAŽDINSKA 64', 42232, '042/673-488', '042/673-774', 'martijanec@opcina-martijanec.hr', 'www.opcina-martijanec.hr', 'DRAŽEN LEVAK', 'LIDIJA HARMICAR', '', '', 'DUBRAVKO BESEK'),
(130, 'MARUŠEVEC', 'MARUŠEVEC 6', 42243, '042/729-696', '042/729-434', 'opcina.marusevec@vz.t-com.hr', 'www.marusevec.hr', 'DAMIR ŠPREM', 'MARIO KLAPŠA', '', '', 'JOSIP ŠPOLJAR'),
(131, 'PETRIJANEC', 'VLADIMIRA NAZORA 157', 42206, '042/714-220,714-769', '042/714-391', 'opcina@petrijanec.hr', 'www.petrijanec.hr', 'ŽELJKO POSAVEC', 'IVAN DOMBAJ', '', '', 'MARTIN EVAČIĆ'),
(132, 'SRAČINEC', 'VARAŽDINSKA 188', 42209, '042/712-110', '042/712-110', 'opcina.sracinec@vz.t-com.hr', 'www.sracinec.hr', 'BOŽIDAR NOVOSELEC', 'KRUNOSLAV LUKAČIĆ', '', '', 'STANKA MIKO'),
(133, 'SVETI ĐURĐ', 'BRAĆE RADIĆA 1', 42233, '042/830-555', '042/830-555', 'opcina-sveti-djurdj@vz.t-com.hr', 'www.sveti-djurdj.hr', 'JOSIP JANY', 'DAVOR KRALJIĆ', '', '', 'DAMIR GRGEC'),
(134, 'SVETI ILIJA', 'TRG JOSIPA GODRIJANA 2', 42214, '042/734-200,042/734-551', '', 'opcina.sveti.ilija@gmail.com', 'www.opcina-sveti-ilija.hr', 'MARIN BOSILJ', 'DEAN HRASTIĆ', '', '', 'ZDRAVKO OSTROŠKI'),
(135, 'TRNOVEC BARTOLOVEČKI', 'BARTOLOVEČKA ULICA 76', 42202, '042/683-060', '042/683-911', 'opcina@trnovec-bartolovecki.hr', 'www.trnovec-bartolovecki.hr', 'ZVONKO ŠAMEC', 'MARIO MILAK', '', '', 'MARIO SAČIĆ'),
(136, 'VELIKI BUKOVEC', 'DRAVSKA 7', 42231, '042/840-040', '042/840-845', 'opcinavb@gmail.com', 'www.velikibukovec.hr', 'FRANJO VRBANIĆ', 'KRISTIJAN MATAS', '', '', 'JASENKA ZDELAR'),
(137, 'VIDOVEC', 'TRG SVETOG VIDA 9', 42205, '042/741-201', '042/209-022', 'opcina@vidovec.hr', 'www.vidovec.hr', 'BRUNO HRANIĆ', 'DUBRAVKO ZAVRTNIK', '', '', 'ZDRAVKO PIZEK'),
(138, 'VINICA', 'VINIČKA 5', 42207, '042/722-233', '042/722-535', 'opcina.vinica@vz.t.com.hr', 'www.vinica.hr', 'MARIJAN KOSTANJEVAC', 'MIRJANA JAMBRIŠKO', '', '', 'MARIJAN MIHALIĆ'),
(139, 'VISOKO', 'VISOKO 20', 42224, '042/628-299', '042/628-144', 'opcina.visoko@vz.htnet.hr', 'www.visoko.hr', 'DRAGUTIN MATEKOVIĆ', 'PETRA GEČEK', '', '', 'IVAN HADROVIĆ'),
(140, 'VARAŽDINSKA', 'FRANJEVAČKI TRG 7', 42000, '042/390-500', '042/390-553', 'protokol@vzz.hr zupan@vzz.hr', 'www.varazdinska-zupanija.hr', 'RADIMIR ČAČIĆ', 'TOMISLAV PALJAK', 'ROBERT VUGRIN', '', 'ALEN RUNAC'),
(141, 'KOPRIVNICA', 'ZRINSKI TRG 1', 48000, '048/279-555', '048/279-543', 'gradonacelnik@koprivnica.hr', 'www.koprivnica.hr', 'MIŠEL JAKŠIĆ', 'KSENIJA OSTRIŽ', 'MELITA SAMOBOREC', '', 'IVAN PAL'),
(142, 'KRIŽEVCI', 'ULICA IVANA ZAKMARDIJA DIJANKOVEČKOG 12', 48260, '048/681-411', '048/681-207', 'info@krizevci.hr', 'www.krizevci.hr', 'MARIO RAJN', 'DANIJEL ŠAŠKO', 'MARIO MARTINČEVIĆ', '', 'MARKO KATANOVIĆ'),
(143, 'ĐURĐEVAC', 'ULICA STJEPANA RADIĆA 1', 48350, '048/811-052', '', 'grad@djurdjevac.hr', 'www.djurdjevac.hr', 'HRVOJE JANČI', 'KRISTINA BENKO MARKOVICA', '', '', 'ŽELJKO LACKOVIĆ'),
(144, 'DRNJE', 'TRG KRALJA TOMISLAVA 29', 48322, '048/831-405', '048/831-405', 'opcina-drnje@kc.t-com.hr', 'www.drnje.hr', 'PETAR DOMBAJ', 'BARBARA KOVAČ ŠOMOCI', '', '', 'GORAN KOLAREK'),
(145, 'ĐELEKOVEC', 'ULICA MIHOVILA PAVLEKA MIŠKINE 1', 48316, '048/834-020', '048/834-020', 'opcina.djelekovec@kc.t-com.hr', 'www.delekovec.hr', 'ŠTEFICA SIRUTKA', 'MARINA MIHALEC', '', '', 'JERKO KVAKAN'),
(146, 'FERDINANDOVAC', 'TRG SLOBODE 28', 48356, '048/817-013', '048/817-200', 'opcina.ferdinandovac1@kc.t-com.hr', 'www.ferdinandovac.hr', 'VJEKOSLAV MALETIĆ', 'BRANKO PATAČKO', '', '', 'MILAN KOLAR'),
(147, 'GOLA', 'ULICA MIHOVILA PAVLEKA MIŠKINE 1', 48331, '048/833-065', '048/833-065', 'opcina-gola@kc.t-com.hr', 'www.gola.hr', 'STJEPAN MILINKOVIĆ', 'MARIJAN VEDRIŠ', '', '', 'MARKO HORVAT'),
(148, 'GORNJA RIJEKA', 'TRG SIDONIJE RUBIDO ERDÖDY 3', 48267, '048/855-021', '048/855-021', 'opcina-gornja-rijeka@kc.t-com.hr', 'www.gornja-rijeka.hr', 'DARKO FIŠTROVIĆ', 'STJEPAN BORJAN', '', '', 'VESNA NEMČIĆ'),
(149, 'HLEBINE', 'TRG IVANA GENERALIĆA 1', 48316, '048/836-139', '048/836-139', 'opcinahlebine@gmail.com', 'www.hlebine.hr', 'BOŽICA TRNSKI', 'ANĐELKO BELEC', '', '', 'ZVONKO TRTANJ'),
(150, 'KALINOVAC', 'DRAVSKA ULICA 4', 48361, '048/883-006', '048/280-935', 'opcina.kalinovac@kc.t-com.hr', 'www.kalinovac.hr', 'DANIJEL ZVONAR', 'DANIJEL MOSLAVAC', '', '', 'MLADEN OREŠIĆ'),
(151, 'KALNIK', 'TRG STJEPANA RADIĆA 5', 48267, '048/857-250', '048/270-760', 'opcina-kalnik@kalnik.hr', 'www.kalnik.hr', 'MLADEN KEŠER', 'MARIO FILIPAŠIĆ', '', '', 'IGOR TOMIĆ'),
(152, 'KLOŠTAR PODRAVSKI', 'TRG KRALJA TOMISLAV 2', 48362, '048/816-066', '048/816-066', 'opcina-klostar-podravski@klostarpodravski.hr', 'www.klostarpodravski.hr', 'SINIŠA PAVLOVIĆ', 'IVAN ČUPEN', '', '', 'ANTUN KARAS'),
(153, 'KOPRIVNIČKI BREGI', 'TRG KRALJA TOMISLAVA BB', 48000, '048/830-420', '048/830-420', 'opcinako@inet.hr', 'www.koprivnicki-bregi.hr', 'MARIO HUDIĆ', 'STJEPAN SRŠEK', '', '', 'DARKO SOBOTA'),
(154, 'KOPRIVNIČKI IVANEC', 'ULICA MATIJE GUPCA 12', 48000, '048/638-100', '048/638-100', 'opcina@koprivnicki-ivanec.hr', 'www.koprivnicki-ivanec.hr', 'MARIO ŠVEGOVIĆ', 'IVANA ČOKLICA', '', '', 'MIHAEL SREMEC'),
(155, 'LEGRAD', 'TRG SVETOG TROJSTVA 52A', 48316, '048/835-051', '048/835-455', 'opcina-legrad@kc.t-com.hr', 'www.opcinalegrad.hr', 'IVAN SABOLIĆ', 'KRISTINA TURK', '', '', 'SNJEŽANA KUZMIĆ'),
(156, 'MOLVE', 'TRG KRALJA TOMISLAVA 32', 48327, '048/892-024', '048/892-294', 'opcina-molve@kc.t-com.hr', 'www.molve.hr', 'ZDRAVKO IVANČAN', 'MARTIN TUBA', '', '', 'ZDRAVKO TUBA'),
(157, 'NOVIGRAD PODRAVSKI', 'TRG DR. FRANJE TUĐMANA 4', 48325, '048/832-133', '048/832-130', 'opcina-novigrad-podravski@kc.t-com.hr', 'www.novigrad-podravski.hr', 'ZDRAVKO BRLJEK', 'LIDIJA PEROŠ', '', '', 'MLADEN LEVAK'),
(158, 'NOVO VIRJE', 'TRG VLADIMIRA JAGARINCA 5', 48355, '048/810-089', '048/810-089', 'opcina-novo-virje@kc.t-com.hr', 'www.novo-virje.hr', 'BRANKO MESAROV', 'ŽELJKO BARBERIC', '', '', 'KATARINA KOZARIĆ-ŠABARIĆ'),
(159, 'PETERANEC', 'ULICA MATIJE GUPCA 13', 48316, '048/636-289', '048/636-436', 'opcina-peteranec@kc.htnet.hr', 'www.peteranec.hr', 'KREŠIMIR MATIJAŠIĆ', 'DARKO PALAŠ', '', '', 'MARIO GAŽI'),
(160, 'PODRAVSKE SESVETE', 'ULICA IVANA MAŽURANIĆA 1', 48363, '048/819-007', '048/819-606', 'podravske.sesvete@inet.hr', 'www.podravske-sesvete.hr', 'KRUNOSLAV BRATANOVIĆ', 'MLADEN SITEK', '', '', 'VLADO HALUSEK'),
(161, 'RASINJA', 'TRG SVETOG FLORIJANA 2', 48312, '048/837-360', '048/837-360', 'juo@rasinja.hr', 'www.rasinja.hr', 'DANIMIR KOLMAN', 'MARIJAN HADELAN', '', 'NIKICA ŠTIBIĆ-ZAMJENIK OPĆINSKOG NAČELNIKA IZ REDA PRIPADNIKA SRPSKE NACIONALNE MANJINE', 'ZVONIMIR FAJFARIĆ'),
(162, 'SOKOLOVAC', 'TRG DR. TOMISLAVA BARDEKA 8', 48306, '048/838-315', '048/838-315', 'pisarnica@sokolovac.hr', 'www.sokolovac.hr', 'VLADO BAKŠAJ', 'TIHOMIR JANDROKOVIĆ', '', '', 'DARKO PEHNEC'),
(163, 'SVETI IVAN ŽABNO', 'TRG KARLA LUKAŠA 11', 48214, '048/851-041', '048/211-031', 'blanka@osiz.hr', 'www.osiz.hr', 'NENAD BOŠNJAK', 'MANUEL MARKOVIĆ', '', '', 'KREŠIMIR HABIJANEC'),
(164, 'SVETI PETAR OREHOVEC', 'SVETI PETAR OREHOVEC 12', 48267, '048/856-141', '048/856-144', 'opcina-orehovec@kc.t-com.hr', 'www.svetipetarorehovec.hr', 'FRANJO POLJAK', 'DRAGUTIN HENDELJA', '', '', 'DTAGUTIN MATUS'),
(165, 'VIRJE', 'ULICA ĐURE SUDETE 10', 48350, '048/897-053', '048/897-983', 'opcina@virje.hr', 'www.virje.hr', 'MIRKO PEROK', 'DAVOR ČIŽMEŠINKIN', '', '', 'MLADEN MESAROV'),
(166, 'KOPRIVNIČKO-KRIŽEVAČKA', 'ULICA ANTUNA NEMČIĆA 5', 48000, '048/658-203', '048/622-584', 'zupan@kckzz.hr', 'www.kckzz.hr', 'DARKO KOREN', 'DARKO SOBOTA', 'RATIMIR LJUBIĆ', '', 'ŽELJKO PINTAR'),
(167, 'BJELOVAR', 'TRG EUGENA KVATERNIKA 2', 43000, '043/622-000', '043/244-615', 'grad@bjelovar.hr', 'www.bjelovar.hr', 'DARIO HREBAK', 'IGOR BRAJDIĆ', 'VALNA BASTIJANČIĆ ERJAVEC', '', 'ANTE TOPALOVIĆ'),
(168, 'ČAZMA', 'TRG ČAZMANSKOG KAPTOLA 13', 43240, '043/771-052', '043/771-056', 'cazma@cazma.hr', 'www.cazma.hr', 'DINKO PIRAK', 'SNJEŽANA DONČEVIĆ', '', '', 'NEDELJKA BAĆANI'),
(169, 'DARUVAR', 'TRG KRALJA TOMISLAVA 14', 43500, '043/331-241', '043/331-285', 'daruvar@daruvar', 'www.daruvar.hr', 'DAMIR LNENIČEK', 'VANDA CEGLEDI', 'MARCEL MEDAK', 'VLADIMIR BILEK-ZAMJENIK GRADONAČELNIKA IZ REDOVA ČEŠKE NACIONALNE MANJINE', 'SNJEŽANA SABO'),
(170, 'GAREŠNICA', 'VLADIMIRA NAZORA 20A', 43280, '043/675-930', '043/531-568', 'gradonacelnik@garesnica.hr', 'www.garenica.com', 'JOSIP BILANDŽIJA', 'GORAN CUPEK', 'ŽELJKO RIJETKOVIĆ', '', 'ŽELJKO STARČEVIĆ'),
(171, 'GRUBIŠNO POLJE', 'TRG BANA JOSIPA JELAČIĆA 1', 43290, '043/448-202', '043/485-496', 'grad-grubisno-polje@bj.t-com.hr', 'www.grubisnopolje.hr', 'ZLATKO MAĐERUH', 'ZLATKO PAVIČIĆ', '', 'ANA MARIA ŠTRUML TUČEK-ZAMJENICA GRADONAČELNIKA IZ REDA PRIPADNIKA ČEŠKE NACIONALNE MANJINE', 'IVO MARTINOVIĆ'),
(172, 'BEREK', 'BEREK 77', 43232, '043/548-017', '043/548-030', 'opcina@berek.hr', 'www.berek.hr', 'MATO TONKOVIĆ', 'VLADO KRPAN', '', '', 'TOMISLAV ŠUNJIĆ'),
(173, 'DEŽANOVAC', 'DEŽANOVAC 288', 43506, '043/381-906', '043/381-201', 'opcina-dezanovac@dezanovac.tcloud.hr', 'www.dezanovac.hr', 'JOSIP STJEPANOVIĆ', 'ŽELJKO BRAJKOVIĆ', '', 'SLAVKO NEHVATAL-ZAMJENIK OPĆINSKOG NAČELNIKA IZ REDA PRIPADNIKA ČEŠKE NACIONALNE MANJINE', 'VLADO PIHIR'),
(174, 'ĐULOVAC', 'ĐURINA 132', 43532, '043/382-028', '043/382-027', 'opcina.dulovac@gmail.com', 'www.djulovac.hr', 'DRAGO HODAK', 'TUNA IVIĆ', '', '', 'AUGUSTIN ČOVIĆ'),
(175, 'HERCEGOVAC', 'MOSLAVAČKA 147', 43183, '043/524-560', '043/524-505', 'općina.hercegovac1@bj.t-com.hr', 'www.opcinahercegovac.hr', 'BORO BAŠLJAN', 'IVAN NOVOTNI', '', '', 'ŽELJKO BUDJINA'),
(176, 'IVANSKA', 'SLAVKA KOLARA 1', 43231, '043/887-141', '043/887-422', 'opcina@ivanska.hr', 'www.ivanska.hr', 'ŽELJKO MAVRIN', 'DARKO TURKOVIĆ', '', '', 'MARIN SAMARDŽIJA'),
(177, 'KAPELA', 'BILOGORSKA 90', 43203, '043/884-178,043/884-036', '043/884-265', 'opcina-kapela@bj.t-com.hr', 'www.opcina-kapela.hr', 'DANIJEL KOVAČEC', 'ŽELJKO KRVAR', '', '', 'VIKTOR VIDOJEVIĆ'),
(178, 'KONČANICA', 'KONČANICA 260', 43505, '043/325-021', '043/325-012', 'općina.koncanica@bj.t-com.hr', 'www.koncanica.hr', 'ZLATKO BAKUNIĆ', 'DRAHOSLAV HEROUT', '', 'FRANJO BEREČKI-ZAMJENIK OPĆINSKOG NAČELNIKA IZ REDA PRIPADNIKA HRVATSKOG NARODA', 'ZDENKO POPOVAČKI'),
(179, 'NOVA RAČA', 'TRG STJEPANA RADIĆA 56', 43272, '043/886-036', '043/886-152', 'juo2@nova-raca.hr', 'www.nova-raca.hr', 'DARKO KNEŽIĆ', 'ŽELJKO SABOLOVIĆ', '', '', 'IVANA LONČAR'),
(180, 'ROVIŠĆE', 'TRG HRVATSKIH BRANITELJA 2', 43212, '043/878-079', '043/878-489', 'opcina.rovisce@gmail.com', 'www.općina-rovisce.hr', 'SLAVKO PRIŠĆAN', 'IVICA TANJIĆ', '', '', 'LUKA MARKEŠIĆ'),
(181, 'SEVERIN', 'SEVERIN 137', 43274, '043/889-010', '043/889-011', 'opcina-severin@bj.t-com.hr', 'www.severin.hr', 'ŽARKO ŽGELA', 'FUČEK STEVO', '', '', 'JASMIN MOROSAVLJEVIĆ'),
(182, 'SIRAČ', 'STJEPANA RADIĆA 120/1', 65535, '043/675-250', '043/675-259', 'opcina@sirac.hr', 'www.sirac.hr', 'BRANIMIR MILER', 'IGOR SUPAN', '', '', 'STJEPAN JURAIĆ'),
(183, 'ŠANDROVAC', 'BJELOVARSKA 6', 43227, '043/874-128', '043/874-366', 'opcina-sandrovac@bj.t-com.hr', 'www.sandrovac.hr', 'JOSIP DEKALIĆ', 'ŽELJKO ĐIPALO', '', '', 'RANKO ORMANOVIĆ'),
(184, 'ŠTEFANJE', 'ŠTEFANJE 61', 43246, '043/778-029', '043/778-276', 'općina-stefanje@bj.t-com.hr', 'www.stefanje.hr', 'IVO EMIĆ', 'SILVESTAR ŠTEFOVIĆ', '', '', 'MARIJAN MARKOVINOVIĆ'),
(185, 'VELIKA PISANICA', 'TRG HRVATSKIH BRANITELJA 3', 43271, '043/883-920', '043/883-926', 'info@velika-pisanica.hr', 'www.velika-pisanica.hr', 'FREDI PALI', 'MARIO ŠIMIĆ', '', '', 'ANA NEMET'),
(186, 'VELIKA TRNOVITICA', 'VELIKA TRNOVITICA 223 A', 43285, '043/541-028,043/541-038', '043/541-160', 'opcina-velika-trnovitica@bj.t-com.hr', 'www.velika-trnovitica.hr', 'IVAN MARKOVIĆ', 'SLOBODAN DURAN', '', '', 'BENKO FADLJEVIĆ'),
(187, 'VELIKI GRĐEVAC', 'TRG MATE LOVRAKA 3', 43270, '043/461-666', '043/443-147', 'opcina-veliki-grdjevac@bj.t-com.hr', 'www.veliki-grdjevac.hr', 'MARIJAN DAUTANAC', 'TOMISLAV PAVLEČIĆ', '', '', 'ZVONIMIR NEJEDLI'),
(188, 'VELIKO TROJSTVO', 'BRAĆE RADIĆ 28', 43226, '043/885-643', '043/885-009', 'info@veliko-trojstvo.hr', 'www.veliko-trojstvo.hr', 'IVAN KOVAČIĆ', 'MARIJAN JURANIĆ', '', '', 'MILJENKO KUREVIJA'),
(189, 'ZRINSKI TOPOLOVAC', 'ZRINSKI TOPOLOVAC 274', 43202, '043/877-241', '', 'opcina.zrinski.topolovac@bj.t-com.hr', 'www.zr.topolovac.hr', 'JASNA MIKLES HORVAT', 'IVAN FRANKOL', '', '', 'SLAVKO DOŠEN'),
(190, 'BJELOVARSKO-BILOGORSKA', 'DR. ANTE STARČEVIĆA 8', 43000, '043/221-900', '043/244-450', 'lidija.brkic@bbz.hr', 'www.bbz.hr', 'DAMIR BAJS', 'NEVEN ALIĆ', 'BOJANA HRIBLJAN', 'SAŠA LUKIĆ-ZAMJENIK ŽUPANA IZ REDA PRIPADNIKA SRPSKE NACIONALNE MANJINE,TANJA NOVOTNI GOLUBIĆ-ZAMJENICA ŽUPANA IZ REDA ČEŠKE NACIONALNE MANJINE', 'ĐURĐICA IŠTEF BEMŠIĆ'),
(191, 'BAKAR', 'PRIMORJE 39', 51222, '051/455-710', '051/455-741', 'gradonacelnik@bakar.hr', 'www.bakar.hr', 'TOMISLAV KLARIĆ', 'TOMISLAV DUNDOVIĆ', '', '', 'MILAN RONČEVIĆ'),
(192, 'CRES', 'CRESKOG STATUTA 15', 51557, '051/661-952', '051/571-331', 'grad@cres.hr', 'www.cres.hr', 'KRISTIJAN JURJAKO', 'MARIN GREGOROVIĆ', '', '', 'MARČELO DAMIJANJEVIĆ'),
(193, 'CRIKVENICA', 'UL. KRALJA TOMISLAVA 85', 51260, '051/455-400', '051/242-009', 'info@crikvenica.hr', 'www.crikvenica.hr', 'DAMIR RUKAVINA', 'SILVIA CRNIĆ', 'IVONA MATOŠIĆ', '', 'VESELKO MUTAVGJIĆ'),
(194, 'ČABAR', 'NARODNOG OSLOBOĐENJA 2', 51306, '051/829-490', '051/821-137', 'info@cabar.hr', 'www.cabar.hr', 'KRISTIJAN RAJŠEL', 'IVANA LAKOTA', '', '', 'VAZMA MALNAR'),
(195, 'DELNICE', 'TRG 138.BRIGADE HV 4', 51300, '051/812-055', '051/812-037', 'gradonacelnik@delnice.hr', 'www.delnice.hr', 'IVICA KNEŽEVIĆ', 'KATARINA MIHELČIĆ', '', '', 'GORAN BUKOVAC'),
(196, 'KASTAV', 'ZAKONA KASTAFSKEGA 3', 51215, '051/691-452', '051/691-454', 'grad.kastav@ri.t-com.hr', 'www.kastav.hr', 'MATEJ MOSTARAC', 'DEAN JURČIĆ', 'DALIBOR ČIKOVIĆ', '', 'ZEMIR DELIĆ'),
(197, 'KRALJEVICA', 'FRANKOPANSKA 1A', 51262, '051/282-450', '051/281-419', 'gradska.uprava@kraljevica.hr', 'www.kraljevica.hr', 'DALIBOR ČANDRLIĆ', 'PAULA VUČKOVIĆ', '', '', 'VESNA ŠPALJ'),
(198, 'KRK', 'TRG BANA JOSIPA JELAČIĆA 2', 51500, '051/401-111', '051/221-126', 'grad-krk@ri.t-com.hr', 'www.grad-krk.hr', 'DARIJO VASILIĆ', 'ČEDOMIR MILER', '', '', 'MARINKO PAVLIĆ'),
(199, 'MALI LOŠINJ', 'RIVA LOŠINJSKIH KAPETANA 7', 51550, '051/231-056', '051/232-307', 'gradonacelnica@mali-losinj.hr', 'www.mali-losinj.hr', 'ANA KUČIĆ', 'ANTO NEDIĆ', '', '', 'ELVIS ŽIVKOVIĆ'),
(200, 'NOVI VINODOLSKI', 'TRG VINODOLSKOG ZAKONA 1', 51250, '051/554-350', '051/554-374', 'info@novi-vinodolski.hr', 'www.novi-vinodolski.hr', 'VELIMIR PIŠKULIĆ', 'TOMISLAV CVITKOVIĆ', '', '', 'NEVEN PAVELIĆ'),
(201, 'OPATIJA', 'MARŠALA TITA 3', 51410, '051/680-116', '051/701-316', 'gradonacelnik@opatija.hr', 'www.opatija.hr', 'IVO DUJMIĆ', 'VERA ŠANTIĆ', 'EMIL PRISKIĆ', '', 'ROBERT KURELIĆ'),
(202, 'RAB', 'TRG MUNICIPIUM ARBA 2', 51280, '051/777-460', '051/724-777', 'tajnica@grad-rab.com', 'www.rab.hr', 'NIKOLA GRGURIĆ', 'DENIS DEŽELJIN', '', '', 'ŽELJKO PERAN'),
(203, 'RIJEKA', 'KORZO 16', 51000, '051/209-527', '051/334-008', 'gradonacelnik@rijeka.hr', 'www.rijeka.hr', 'VOJKO OBERSNEL', 'MARKO FILIPOVIĆ', 'NIKOLA IVANIŠ', '', 'TIHOMIR ČORDAŠEV'),
(204, 'VRBOVSKO', 'ULICA HRVATSKIH BRANITELJA 1', 51326, '051/875-115', '051/875-008', 'marina.tonkovic@vrbovsko.hr', 'www.vrbovsko.hr', 'DRAŽEN MUFIĆ', 'BORIVOJ DOKMANOVIĆ', '', 'ANĐELKA MAMULA-ZAMJENICA GRADONAČELNIKA IZ REDA PRIPADNIKA SRPSKE NACIONALNE MANJINE', 'JASNA BOŽIĆ'),
(205, 'BAŠKA', 'PALADA 88', 51523, '051/750-550', '051/750-560', 'opcina-baska@ri.t-com.hr', 'www.baska.hr', 'TONI JURANIĆ', 'RAFAELA FRGAČIĆ', '', '', 'TANJA GRLJ'),
(206, 'BROD MORAVICE', 'STJEPANA RADIĆA 1', 51312, '051/817-180', '051/817-002', 'opcina@brodmoravice.hr', 'www.brodmoravice.hr', 'DRAGUTIN CRNKOVIĆ', 'SANJIN NAGLIĆ', '', '', 'BRANIMIR SVETLIČIĆ'),
(207, 'ČAVLE', 'ČAVJA 31', 51219, '051/208-300', '051/208-311', 'opcina@cavle.hr', 'www.cavle.hr', 'IVANA CVITAN POLIĆ', 'DEJAN LJUBOBRATOVIĆ', '', '', 'NORBERT MAVRINAC'),
(208, 'DOBRINJ', 'DOBRINJ 103', 51514, '051/848-344,051/848-307', '051/848-141', 'opcina@dobrinj.hr', 'www.dobrinj.hr', 'NEVEN KOMADINA', 'ZDENKO KIRINČIĆ', '', '', 'ZORAN KIRINČIĆ'),
(209, 'FUŽINE', 'DR. FRANJE RAČOG 19', 51322, '051/829-500', '051/835-768', 'opcina-fuzine@ri.t-com.hr', 'www.fuzine.hr', 'DAVID BREGOVAC', 'DRAŽEN STARČEVIĆ', '', '', 'SLAVKO STARČEVIĆ'),
(210, 'JELENJE', 'DRAŽIČKIH BORACA 64', 51218, '051/208-080', '051/208-090', 'opcina@jelenje.hr', 'www.jelenje.hr', 'ROBERT MARČELJA', 'DINO PILJIĆ', '', '', 'LUKA ZAHARIJA'),
(211, 'KLANA', 'KLANA 33', 51217, '051/808-205', '051/808-708', 'procelnik@klana.hr,tajnica@klana.hr', 'www.klana.hr', 'ŽELJKA ŠARČEVIĆ GRGIĆ', 'SLAVKO GAUŠ', '', '', 'IGOR ISKRA'),
(212, 'KOSTRENA', 'SV. LUCIJA 38', 51221, '051/209-000', '051/289-400', 'kostrena@kostrena.hr', 'www.kostrena.hr', 'DRAŽEN VRANIĆ', 'ĐURĐICA MATEŠIĆ BILOBRK', '', '', 'DRAŽEN SOLDAN'),
(213, 'LOKVE', 'ŠETALIŠTE GOLUBINJAK 6.', 51316, '051/831-255', '051/508-077', 'opcina@lokve.hr', 'www.lokve.hr', 'TONI ŠTIMAC', 'TOMISLAV ČOP', '', '', 'VID ARBANAS'),
(214, 'LOPAR', 'LOPAR 289A', 51281, '051/775-593', '051/775-597', 'tajnik@opcina.lopar.hr', 'www.opcina-lopar.hr', 'JOSIP BORIĆ', 'DOMINIK PAPARIĆ', '', '', 'DINO IVANIĆ'),
(215, 'LOVRAN', 'ŠETALIŠTE MARŠALA TITA 41', 51415, '051/291-045', '051/294-862', 'opcina.lovran@ri.ht.hr', 'www.opcinalovran.hr', 'BOJAN SIMONIČ', 'TONI DRUŽETA', '', '', 'ALAN SANKOVIĆ'),
(216, 'MALINSKA-DUBAŠNICA', 'LINA BOLMARČIĆA 22', 51511, '051/750-500', '051/750-510', 'info@malinska.hr', 'www.malinska.hr', 'ROBERT ANTON KRALJIĆ', 'MIROSLAV TOPĆIĆ', '', '', 'MIRJANA MARŠIĆ'),
(217, 'MATULJI', 'TRG M. TITA 11', 51211, '051/274-114', '051/401-469', 'opcina.matulji@ri.htnet.hr', 'www.matulji.hr', 'MARIO ĆIKOVIĆ', 'BRUNO FRLAN', 'ENI ŠEBALJ', '', 'DARJAN BUKOVIĆ'),
(218, 'MOŠĆENIČKA DRAGA', 'TRG SLOBODE 7', 51417, '051/737-621', '051/737-210', 'info@moscenicka-draga.hr', 'www.moscenicka-draga.hr', 'RIKARDO STARAJ', 'LUCIANA STERLE PERUCH', '', '', 'KRISTIJAN DRAŽUL'),
(219, 'MRKOPALJ', 'STARI KRAJ 3', 51315, '051/833-131', '051/833-101', 'opcina@mrkopalj.hr', 'www.mrkopalj.hr', 'JOSIP BROZOVIĆ', 'HELENA CRNKOVIĆ', '', '', 'ZVONKO MATKOVIĆ'),
(220, 'OMIŠALJ', 'PRIKEŠTE 13', 51513, '051/661-970', '051/661-982', 'opcina@omisalj.hr', 'www.omisalj.hr', 'MIRELA AHMETOVIĆ', 'RANKO ŠPIGL', '', '', 'ANTO TROGRLIĆ'),
(221, 'PUNAT', 'NOVI PUT 2', 51521, '051/854-140', '051/854-840', 'opcina@punat.hr', 'www.punat.hr', 'MARINKO ŽIC', 'GORAN BONIFAČIĆ', '', '', 'GORAN GRŽANČIĆ'),
(222, 'RAVNA GORA', 'IVANA GORANA KOVAČIĆA 177', 51314, '051/829-450,051/829-451', '051/829-461', 'pisarnica@ravnagora.hr,procelnik@ravnagora.hr', 'www.ravnagora.hr', 'MIŠEL ŠĆUKA', 'SANDRA CRNKOVIĆ JURKOVIĆ', '', '', 'FRANJO RUŽIĆ'),
(223, 'SKRAD', 'J.BLAŽEVIĆA-BLAŽA 8', 51311, '051/810-680', '051/810-680', 'opcina.skrad@ri.t-com.hr', 'www.skrad.hr    ', 'DAMIR GRGURIĆ ', 'NATALI RIBIĆ', '', '', 'IVAN CRNKOVIĆ'),
(224, 'VINODOLSKA', 'BRIBIR 34', 51253, '051/422-540', '051/248-007', 'pravna@vinodol.hr', 'www.vinodol.hr', 'MARIJAN KARLIĆ', 'DANIEL GRBIĆ', '', '', 'BORIS MIKLIĆ'),
(225, 'VIŠKOVO', 'VOZIŠĆE 3', 51216, '051/503-778', '051/257-521', 'pisarnica@opcina-viskovo.hr', 'www.opcina-viskovo.hr', 'SANJA UDOVIĆ', 'DENIS MLADENIĆ', 'SNJEŽANA PODOBNIK', '', 'KSENIJA ŽAUHAR'),
(226, 'VRBNIK', 'TRG ŠKUJICA 7', 51516, '051/0857-099', '051/857-310', 'nacelnik@opcina-vrbnik.hr', 'www.opcina-vrbnik.hr', 'DRAGAN ZAHIJA', 'NAČELNIK NEMA ZAMJENIKA JER JE', '', '', 'IVAN JURANIĆ'),
(227, 'PRIMORSKO-GORANSKA', 'ADAMIĆEVA 10', 51000, '051/351-601', '051/212-948', 'zupan@pgz.hr', 'www.pgz.hr', 'ZLATKO KOMADINA', 'MARINA MEDARIĆ', 'MARKO BORAS MANDIĆ', 'PETAR MAMULA-ZAMJENIK ŽUPANA IZ REDA PRIPADNIKA SRPSKE NACIONALNE MANJINE', 'ERIK FABIJANIĆ'),
(228, 'GOSPIĆ', 'BUDAČKA 55', 53000, '053/572-025', '053/574-177', 'grad-gospic@gs.t-com.hr', 'www.gospic.hr', 'KARLO STARČEVIĆ', 'IVICA TOMLJENOVIĆ', 'KRISTINA PRŠA', '', 'PETAR RADOŠEVIĆ'),
(229, 'OTOČAC', 'KRALJA ZVONIMIRA 10', 53220, '053/771-176', '053/746-274', 'grad-otocac@gs.t-com.hr', 'www.otocac.hr', 'STJEPAN KOSTELAC', 'NENAD JANKOVIĆ', '', '', 'BRANISLAV ŠUTIĆ'),
(230, 'NOVALJA', 'TRG DR. FRANJE TUĐMANA 1', 53291, '053/661-350,053/663-409', '053/662-364', 'ured.grada@novalja.hr,ured.gradonacelnika@novalja.hr', 'www.novalja.hr', 'ANTE DABO', 'MARIJAN ŠULJIĆ', '', '', 'VESNA ŠONJE ALLENA'),
(231, 'SENJ', 'OBALA DR. FRANJE TUĐMANA 2', 53270, '053/881-162', '053/881-119', 'gradonacelnik@senj.hr', 'www.senj.hr', 'SANJIN RUKAVINA', 'JURICA TOMLJANOVIĆ', '', '', 'ŽELJKO TOMLJANOVIĆ'),
(232, 'BRINJE', 'FRANKOPANSKA 33', 53260, '053/701-260', '053/701-210', 'ured-nacelnika@brinje.hr', 'www.brinje.hr', 'ZLATKO FUMIĆ', 'MILAN KOLAK', '', '', 'IVAN PERKOVIĆ'),
(233, 'DONJI LAPAC', 'TRG NIKOLE TESLE 6', 53250, '053/765-037', '053/765-036', 'opcina-donji-lapac@gs.htnet.hr', 'www.donjilapac.hr', 'ILIJA OBRADOVIĆ', 'MILAN KNEŽEVIĆ', '', 'MIRO TOMIĆ-ZAMJENIK OPĆINSKOG NAČELNIKA IZ REDA PRIPADNIK HRVATSKOG NARODA', 'DRAGAN JELIČIĆ'),
(234, 'KARLOBAG', 'TRG DR. F. TUĐMANA 2', 53288, '053/694-460', '053/694-470', 'opcina.karlobag@gs.t-com.hr', 'www.karlobag.hr', 'IVAN TOMLJENOVIĆ', 'BORIS SMOJVER', '', '', 'MATE BAČIĆ'),
(235, 'LOVINAC', 'SVETOG MIHOVILA 11', 53244, '053/681-005', '053/617-151', 'opcina@lovinac.hr', 'www.lovinac.hr', 'IVAN MILETIĆ', 'MARICA RUKAVINA', '', 'BRANKA VESELINOVIĆ-ZAMJENICA OPĆINSKOG NAČELNIKA IZ REDA PRIPADNIKA SRPSKE NACIONALNE MANJINE', 'JOSIP VRKLJAN'),
(236, 'PERUŠIĆ', 'TRG POPA MARKA MESIĆA 2', 53202, '053/679-188', '053/679-140', 'opcina@perusic.hr', 'www.perusic.hr', 'IVICA TURIĆ', 'MIHAEL KURTEŠ', '', '', 'MILORAD VIDMAR'),
(237, 'PLITVIČKA JEZERA', 'TRG SVETOG JURJA 6', 53230, '053/776-018', '053/776-175', 'ured-nacelnika@plitvicka-jezera.hr', 'www.plitvicka-jezera.hr', 'ANTE KOVAČ', 'FRANJO ANĐIĆ', '', 'MILAN PRICA-ZAMJENIK OPĆINSKOG NAČELNIKA IZ REDA PRIPADNIKA SRPSKE NACIONALNE MANJINE', 'ANTE BIONDA'),
(238, 'UDBINA', 'STJEPANA RADIĆA 6', 53234, '053/778-070', '053/778-613', 'opcina.udbina@gs.t-com.hr', 'www.udbina.hr', 'JOSIP SEUČEK', 'MILAN UZELAC', '', 'MARINA GUČANIN', 'SLOBODAN BJELOBABA'),
(239, 'VRHOVINE', 'SENJSKA ULICA 48', 53223, '053/775-010', '053/775-601', 'općina@vrhovine.hr', 'www.vrhovine.hr', 'MILORAD DELIĆ', 'JOVICA SAMOLOV', '', '', 'NIKOLA IVANČEVIĆ'),
(240, 'LIČKO-SENJSKA', 'DR. FRANJE TUĐMANA 4', 53000, '053/588-201', '053/572-100', 'kabinet.zupana@licko-senjska.hr', 'www.licko-senjska.hr', 'DARKO MILINOVIĆ', 'VICE NEKIĆ', 'RENATA HODAK', 'NIKOLA LALIĆ-ZAMJENIK ŽUPANA IZ REDA PRIPADNIKA SRPSKE NACIONALNE MANJINE', 'NADA MARIJANOVIĆ'),
(241, 'ORAHOVICA', 'FRANJE GAVRANČIĆA 6', 33515, '033/673-351', '033/673-125', 'info@orahovica.hr', 'www.orahovica.hr', 'ANA-MARIJA PETIN', 'DALIBOR FOFONJKA', '', '', 'RADOJE MEDENICA'),
(242, 'SLATINA', 'TRG SV. JOSIPA 10', 33520, '033/551-357,033/551-109', '033/551-143', 'gradska.uprava@slatina.hr', 'www.slatina.hr', 'DENIS OSTROŠIĆ', 'SANJA MRZLJAK JOVANOVIĆ', 'BOJAN PLANTAK', '', 'DARIO VRBASLIJA'),
(243, 'VIROVITICA', 'TRG KRALJA ZVONIMIRA 1', 33000, '033/725-980', '033/722-522', 'grad@virovitica.hr', 'www.virovitica.hr', 'IVICA KIRIN', 'DAMIR MARENIĆ', 'VLASTA HONJEK-GOLINAC', '', 'LAHORKA WEISS'),
(244, 'CRNAC', 'ZRINSKA 2', 33507, '033/683-072,033/683-064', '033/683-167', 'opcina.crnac@vt.htnet.hr', 'www.opcina-crnac.hr', 'MATO DAMJAN', 'JOSIP KOVAČ', '', '', 'FILIP VIDOVIĆ'),
(245, 'ČAČINCI', 'TRG KARDINALA FRANJE KUHARIĆA 2', 33514, '033/684-212', '033/400-337', 'opcina.cacinci@vt.t-com.hr', 'www.cacinci.hr', 'MIRKO MALIŠ', 'ALEN JURENAC', '', '', 'TOMISLAV TOMIĆ'),
(246, 'ČAĐAVICA', 'KOLODVORSKA 2', 33523, '033/544-254', '033/544-172', 'opcina@opcina-cadjavica.hr', 'www.opcina-cadjavica.hr', 'MIRKO RONČEVIĆ', 'PETAR BUDIMIR', '', '', 'JOSIP PISKAĆ'),
(247, 'GRADINA', 'TRG HRVATSKIH BRANITELJA 12', 33410, '033/784-155', '033/784-228', 'opcina-gradina@vt-t-com.hr', 'www.gradina.hr', 'MARKO AJČEK', 'MARIJANA MATIĆ', '', '', 'IVAN GOJEVIĆ'),
(248, 'LUKAČ', 'LUKAČ 50', 33406, '033/739-126', '033/739-076', 'opcina-lukac@opcina-lukac.hr', 'www.opcina-lukac.hr', 'ĐURO BUKVIĆ', 'JOSIP KUČAN', '', '', 'TOMISLAV ŽIVKOVIĆ'),
(249, 'MIKLEUŠ', 'NIKOLE ŠUBIĆA ZRINSKOG 93', 33517, '033/563-066', '033/563-111', 'opcina-mikleus@vt.htnet.hr', 'www.mikleus.hr', 'MILAN DUNDOVIĆ', 'DALIBOR LIPOVAC', '', '', 'IVAN KANSKI');
INSERT INTO `CONTACT` (`ID`, `NAME`, `ADDRESS`, `ZIP_CODE`, `PHONE`, `FAX`, `EMAIL`, `WEB`, `GOVERNOR`, `VICE`, `VICE_2`, `VICE_MINORITIES`, `PRESIDENT_REPRESENTATIVE_BODY`) VALUES
(250, 'NOVA BUKOVICA', 'TRG DR. FRANJE TUĐMANA 1', 33518, '033/564-304', '033/564-305', 'opcina.nova.bukovica@vt.t-com.hr', 'www.novabukovica.hr', 'TOMISLAV BRAČUN', 'TOMISLAV DEREŠ', '', '', 'FRANJO KRALJIK'),
(251, 'PITOMAČA', 'LJUDEVITA GAJA 26/I', 33405, '033/782-840,033/782-860', '033/782-870', 'opcina@pitomaca.hr', 'www.pitomaca.hr', 'ŽELJKO GRGAČIĆ', 'IVAN ERHATIĆ', 'MARIN ARAGOVIĆ', '', 'RIKARD BAKAN'),
(252, 'SOPJE', 'KRALJA TOMISLAVA 9', 33520, '033/548-408', '033/548-026', 'opcinasopje@gmail.com', 'www.sopje.hr', 'BERISLAV ANDROŠ', 'ŽELJKO JANEČIĆ', '', '', 'SINIŠA HRGOVIĆ'),
(253, 'SUHOPOLJE', 'TRG SV. TEREZIJE 10', 33410, '033/771-054', '033/771-546', 'opcina-suhopolje@vt.t-com.hr', 'www.suhopolje.hr', 'SINIŠA HORVAT', 'GORAN DOLEŽAL', '', '', 'ZORICA HEGEDUŠIĆ'),
(254, 'ŠPIŠIĆ BUKOVICA', 'VINOGRADSKA 4', 33404, '033/716-495', '033/801-158', 'info@spisicbukovica.hr', 'www.spisicbukovica.hr', 'HRVOJE MILER', 'SANELA DJAK', '', '', 'TIHOMIR MAJSTOROVIĆ'),
(255, 'VOĆIN', 'TRG GOSPE VOĆINSKE 11', 33522, '033/565-030', '033/565-030', 'opcinavocin@net.hr', 'www.vocin.hr', 'PREDRAG FILIĆ', 'ROKO PERIĆ', '', '', 'HRVOJE DORIĆ'),
(256, 'ZDENCI', 'BRAĆE RADIĆA 5', 33513, '033/646-000', '033/646-000', 'opcina-zdenci@vt.t-com.hr', 'www.opcina-zdenci.hr', 'TOMISLAV DURMIĆ', 'JURICA KIRIS', '', '', 'MARIJA DEDAJ'),
(257, 'VIROVITIČKO-PODRAVSKA', 'TRG LJUDEVITA PATAČIĆA 1', 33000, '033/638-100', '033/722-465', 'ured.zupana@vpz.hr', 'www.vpz.hr', 'IGOR ANDROVIĆ', 'MARIJO KLEMENT', 'DARKO ŽUŽAK', 'IGOR PAVKOVIĆ-ZAMJENIK ŽUPANA IZ REDA PRIPADNIKA SRPSKE NACIONALNE MANJINE', 'MIRAN JANEČIĆ'),
(258, 'POŽEGA', 'TRG SV. TROJSTVA 1', 34000, '034/311-330', '034/311-344', 'gradonacelnik@pozega.hr', 'www.pozega.hr', 'DARKO PULJAŠIĆ', 'MARIO PILON', 'FERDINAND TROHA', '', 'ŽELJKO GLAVIĆ'),
(259, 'PAKRAC', 'TRG BANA J. JELAČIĆA 18', 34550, '034/411-080', '034/411-081', 'grad.pakrac@hr', 'www.pakrac.hr', 'ANAMARIJA BLAŽEVIĆ', 'MARIJAN ŠIRAC', '', 'NIKOLA IVANOVIĆ-ZAMJENIK GRADONAČELNIKA IZ REDA SRPSKE NACIONALNE MANJINE', 'MIROSLAV IVANČIĆ'),
(260, 'PLETERNICA', 'IVANA ŠVEARA 2', 34310, '034/251-046', '034/311-049', 'grad@pleternica.hr', 'www.pleternica.hr', 'ANTONIJA JOZIĆ', 'DOMAGOJ KATIĆ', 'ANTO BARBARIĆ', '', 'MARIJAN ALADROVIĆ'),
(261, 'LIPIK', 'MARIJE TEREZIJE 27', 34551, '034/314-800', '034/421-031', 'gradonacelnik@lipik.hr', 'www.lipik.hr', 'VINKO KASANA', 'SLOBODAN KATUNAR', '', '', 'MLADEN DOLIĆ'),
(262, 'KUTJEVO', 'TRG GRAŠEVINE 1', 34340, '034/315-008', '', 'grad@kutjevo.hr', 'www.kutjevo.hr', 'JOSIP BUDIMIR', 'IVICA MALNAR', '', '', 'IVICA RIBIČIĆ'),
(263, 'VELIKA', 'ZVONIMIROVA 1A', 34330, '034/233-033', '034/313-033', 'opcina-velika@po.t-com.hr', 'www.opcina-velika.hr', 'VLADO BOBAN', 'IVICA POTOČANAC', '', '', 'ANTONIJA PAVLOVIĆ'),
(264, 'JAKŠIĆ', 'OSJEČKA 39', 34308, '034/315-514', '034/257-123', 'info@jaksic.hr,nacelnik@jaksic.hr', 'www.jaksic.hr', 'IVICA KOVAČEVIĆ', 'MILE BARIŠIĆ', '', '', 'DOMAGOJ OREŠKI'),
(265, 'KAPTOL', 'ŠKOLSKA 3', 34334, '034/231-023', '034/313-104', 'info@općina-kaptol.hr', 'www.općina-kaptol.hr', 'MILE PAVIČIĆ', 'JOSIP SOUDEK', '', '', 'DAMIR POLJANAC'),
(266, 'BRESTOVAC', 'POŽEŠKA 76', 34322, '034/241-077,034/241-402', '034/241-077', 'opcina-brestovac@po.t-com.hr', 'www.brestovac.hr', 'ZDRAVKO MANDIĆ', 'JOZO BUĆE', '', '', 'TOMO VRHOVAC'),
(267, 'ČAGLIN', 'KRALJA TOMISLAVA 56 E', 34350, '034/221-017', '034/221-127', 'opcina-caglin@po.t-com.hr', 'www.opcina-caglin.hr', 'DALIBOR BARDAČ', 'TOMISLAV BRIŠ', '', '', 'IVAN DEMEŠE'),
(268, 'POŽEŠKO-SLAVONSKA', 'ŽUPANIJSKA 7', 34000, '034/290-290', '034/290-200', 'uredzupana@pszupanija.hr', 'www.pszupanija.hr', 'ALOJZ TOMAŠEVIĆ', 'ŽELJKO JAKOPOVIĆ', 'VEDRAN NEFEROVIĆ', 'MIROSLAV GROZDANIĆ-ZAMJENIK ŽUPANA IZ REDA PRIPADNIKA SRPSKE NACIONALNE MANJINE', 'JOSIPA MILIČEVIĆ'),
(269, 'NOVA GRADIŠKA', 'TRG KRALJA TOMISLAVA 1', 35400, '035/366-080', '035/361-679', 'nela.bednarik@novagradiska.hr', 'www.novagradiska.hr', 'VINKO GRGIĆ', 'IVAN TRUPINA', 'BORISLAV VIDOŠIĆ', '', 'LJEPŠA RAKAS VUJČIĆ'),
(270, 'SLAVONSKI BROD', 'VUKOVARSKA 1', 35000, '035/217-000', '035/217-019', 'ured@slavonski-brod.hr', 'www.slavonski-brod.hr', 'MIRKO DUSPARA', 'HRVOJE ANDRIĆ', 'TEA TOMAS', '', 'STRIBOR VALENTA'),
(271, 'BEBRINA', 'BEBRINA 81', 35254, '035/433-109', '035/433-109', 'opcina@bebrina.hr', 'www.bebrina.hr', 'IVAN BRZIĆ', 'ĐURO BABAIĆ', '', '', 'MIJO BELEGIĆ'),
(272, 'BRODSKI STUPNIK', 'STJEPANA RADIĆA 117', 35253, '035/427-137', '035/427-137', 'opcina-brodski.stupnik@sb.t-com.hr', 'www.brodski-stupnik.hr', 'GORAN JELINIĆ', 'PETAR LOVINČIĆ', '', '', 'ZLATKO PRSKALO'),
(273, 'BUKOVLJE', 'JOSIPA KOZARCA 10', 35209, '035/461-118', '035/461-118', 'opcina.bukovlje@gmail.com', 'www.bukovlje.hr', 'DAVOR PETRIK', 'IGOR ĐAKOVIĆ', '', '', 'DANIJEL KOVAČEVIĆ'),
(274, 'CERNIK', 'FRANKOPANSKA 177', 35404, '035/369-050', '035/363-813', 'opcina@cernik.hr', 'www.cernik.hr', 'VITOMIR ŽAKIĆ', 'KRUNO TRUPINIĆ', '', '', 'HRVOJE ŽAKIĆ'),
(275, 'DAVOR', 'IVANA GUNDULIĆA 35', 35425, '035/347-333', '035/347-385', 'opcina.davor@st.t-com.hr', 'www.davor.hr', 'ĐURO ANĐELKOVIĆ', 'GORDAN ZLAANOVIĆ', '', '', 'LIDIJA BRLIĆ'),
(276, 'DONJI ANDRIJEVCI', 'TRG KRALJA TOMISLAVA 5', 35214, '035/471-223,035/471-084', '035/471-126', 'opcina.donji.andrijevci@sb.t-com.hr', 'www.donjiandrijevci.hr', 'TOMISLAV MARIJANOVIĆ', 'JOSIP MATOŠIĆ', '', '', 'ROBERT KUDUZ'),
(277, 'DRAGALIĆ', 'TRG SV. I. KRSTITELJA 2', 35428, '035/376-236', '035/376-237', 'op-dragalic@sb.t-com.rh', 'www.dragalic.hr', 'ZVONIMIR KRALIK', 'IGOR ŠUPICA', '', 'RANKA MILOJKOVIĆ-ZAMJENICA OPĆINSKOG NAČELNIKA IZ REDA PRIPADNIKA SRPSKE NACIONALNE MANJINE', 'MARIO BRAĐAŠEVIĆ'),
(278, 'GARČIN', 'KRALJA TOMISLAVA 92', 35212, '035/422-442', '035/423-930', 'garcin.opcina@gmail.com', 'www.opcina-garcin.hr', 'MATO GRGIĆ', 'IRENA KATALINIĆ', '', '', 'MATO JERKOVIĆ'),
(279, 'GORNJA VRBA', 'BRAĆE RADIĆ 1', 35208, '035/457-055', '035/456-165', 'opcina.gornja.vrba@sb.t-com', 'www.gornjavrba.hr', 'IVAN VULETA', 'DANIJEL ODOBAŠIĆ', '', '', 'RENATA LUCIĆ'),
(280, 'GORNJI BOGIĆEVCI', 'TRG HRVATSKIH BRANITELJA 1', 35429, '035/375-056', '035/375-056', 'opcina.gornji.bogicevci@sb.htnet.hr', 'www.opcinagornjibogicevci.hr', 'PAVO KLARIĆ', 'DRAGANA KNEŽEVIĆ', '', '', 'STIPO ŠUGIĆ'),
(281, 'GUNDINCI', 'STJAPANA RADIĆA 4', 35222, '035/487-008', '035/487-008', 'opcina.gundinci@sb.t-com.hr', 'www.gundinci.hr', 'ILIJA MARKOTIĆ', 'JOSIP TUKARA', '', '', 'MARIJA KADIĆ'),
(282, 'KLAKAR', 'KLAKAR 26A', 35208, '035/226-127,035/226-073', '035/226-078', 'opcina.klakar@sb.ht.hr', 'www.opcinaklakar.hr', 'JOSIP STANIĆ', 'IVAN BOŠKOVIĆ', '', '', 'TOMISLAV PENDIĆ'),
(283, 'NOVA KAPELA', 'TRG KRALJA TOMISLAVA 9', 35410, '035/384-015', '035/384-037', 'opcina-nova-kapela@sb.t-com.hr', 'www.novakapela.hr', 'IVAN ŠMIT', 'VESNA JERGOVIĆ', '', '', 'ANTO ŽAGRIĆ'),
(284, 'OKUČANI', 'TRG DR. FRANJE TUĐMANA 1', 35430, '035/371-001', '035/371-424', 'opcina.okucani@opcokucani.tsloud.hr', 'www.opcina.okucani.hr', 'ACA VIDAKOVIĆ', 'STJEPAN LALIĆ', '', 'SINIŠA MARTINOVIĆ-ZAMJENIK OPĆINSKOG NAČELNIKA IZ REDA PRIPADNIKA SRPSKE NACIONALNE MANJINE', 'IVICA PIVAC'),
(285, 'OPRISAVCI', 'TRG SV.KRIŽA 16', 35213, '035/227-501,035/227-311', '035/227-501', 'opcina-oprisavci@sb.t-com.hr', 'www.opcina-oprisavci.hr', 'PEJO KOVAČEVIĆ', 'MARIJA STOJANOVIĆ', '', '', 'MIJO UREMOVIĆ'),
(286, 'ORIOVAC', 'TRG HRVATSKOG PREPORODA 1', 35250, '035/431-232', '035/430-006', 'opcina-oriovac@sb.t-com.hr', 'www.oriovac.hr', 'ANTUN PAVETIĆ', 'ŽELJKA ČORAK', '', '', 'JOSIP JAGODAR'),
(287, 'PODCRKAVLJE', 'TRG 108.BRIGADE ZNG 11', 35201, '035/221-112', '035/221-109', 'opcina-podcrkavlje@sb.t-com.hr', 'www.podcrkavlje.hr', 'TOMISLAV TRTANJ', 'VLADO TADIJANOVIĆ', '', '', 'DAVOR MILETIĆ'),
(288, 'REŠETARI', 'VLADIMIRA NAZORA 30', 35400, '035/367-296', '035/367-296', 'opcina-resetari@sb.t-com.hr', 'www.resetari.hr', 'ZLATKO AGA', 'ŽELJKO KOLAKOVIĆ', '', '', 'MILKA PERKOVIĆ'),
(289, 'SIBINJ', '108.BRIGADE ZNG 6', 35242, '035/425-298', '', 'opcina.sibinj@sb.t-com.hr', 'www.sibinj.hr', 'JOSIP PAVIĆ', 'TOMISLAV TOPALOVIĆ', '', '', 'KRUNOSLAV ERAKOVIĆ'),
(290, 'SIKIREVCI', 'LJUDEVITA GAJA 4/A', 35224, '035/481-215', '035/481-215', 'opcina.sikirevci@gmail.com', 'www.opcina-sikirevci.hr', 'JOSIP NIKOLIĆ', 'MARIO JOSKIĆ', '', '', 'JOSIP MATIĆ'),
(291, 'SLAVONSKI ŠAMAC', 'KRALJA ZVONIMIRA 63', 35220, '035/473-349,035/4730-911000', '035/473-349', 'opcina-sl.samac@sb.t-com.hr', 'www.slavonski-samac.hr', 'BRANISLAV MILINOVIĆ', 'MARKO ĆOSIĆ', '', '', 'TATJANA JAKŠIĆ'),
(292, 'STARA GRADIŠKA', 'TRG HRVATSKIH BRANITELJA 1', 35435, '035/374-051', '035/374-144', 'opcina.stara.gradiska@gmail.com', 'www.staragradiska.com', 'VELIMIR PAUŠIĆ', 'DAMIR FIGURIĆ', '', '', 'TVRTKO BEGANOVIĆ'),
(293, 'STARO PETROVO SELO', 'TRG KRALJA TOMISLAVA 2', 35420, '035/387-033', '035/387-014', 'opcinasps@email.t-com.hr', 'www.staropetrovoselo.hr', 'NIOLA DENIS', 'JOSIP KOLODZIEJ', '', '', 'SLAVKO MULAC'),
(294, 'VELIKA KOPANICA', 'VLADIMIRA NAZORA 1', 35221, '035/477-465,035/477-104', '035/477-465', 'opcina.velika.kopanica@gmail.com', 'www.velikakopanica.hr', 'IVAN MATEŠ', 'BLAŽ ŠOKČEVIĆ', '', '', 'TOMISLAV JAGIĆ'),
(295, 'VRBJE', 'KRALJA TOMISLAVA 4', 35423, '035/345-228', '035/345-228', 'opcina-vrbje@sb.t-com.hr', 'www.vrbje.hr', 'IGOR JURIŠIĆ', 'BARBARA JURČEVIĆ', '', '', 'MLADEN KONJEVIĆ'),
(296, 'VRPOLJE', 'TRG DR.F.TUĐMANA 1', 35210, '035/439-109', '035/439-109', 'opcina.vrpolje@gmail.com', 'www.vrpolje.hr', 'ANKICA ZMAIĆ', 'ŽELJKO LUKAČEVIĆ', '', '', 'TOMISLAV ŠIMUNDIĆ'),
(297, 'BRODSKO-POSAVSKA', 'PETRA KREŠIMIRA IV BR. 1.', 35000, '035/216-200', '035/443-003', 'zupan@bpz.hr', 'www.bpz.hr', 'DANIJEL MARUŠIĆ', 'DAMIR MIRKOVIĆ', 'STJEPAN BOŠNJAKOVIĆ', '', 'PERO ĆOSIĆ'),
(298, 'BENKOVAC', 'ŠETALIŠTE KNEZA BRANIMIRA 12', 23420, '023/684-880', '023/684-882', 'gradonacelnik@benkovac.hr', 'www.benkovac.hr', 'TOMISLAV BULIĆ', 'TOMISLAV KLARICA', 'PAULINA KULAŠ', '', 'BORIS ERCEG'),
(299, 'BIOGRAD NA MORU', 'TRG KRALJA TOMISLAVA 5', 23210, '023/383-150,023/383-003', '023/383-377', 'gradonacelnik@biogradnamoru.hr', 'www.gradbiogradnamoru.hr', 'IVAN KNEZ', 'MARIJAN STOPFER', '', '', 'TONČI ŠANGULIN'),
(300, 'OBROVAC', 'TRG DR. FRANJE TUĐMANA 1', 23450, '023/689-007', '023/689-054', 'info@obrovac.hr', 'www.obrovac.hr', 'ANTE ŽUPAN', 'SLOBODAN JURJEVIĆ', '', 'STANKO MIJIĆ-ZAMJENIK GRADONAČELNIKA IZ REDA PRIPADNIKA SRPSKE NACIONALNE MANJINE', 'MARIN KLANAC'),
(301, 'PAG', 'BRANIMIROVA OBALA 1', 23250, '023/600-830', '023/611-153', 'grad.pag@pag.hr', 'www.pag.hr', 'ANTE FABIJANIĆ', 'DAVOR FABIJANIĆ', '', '', 'DOMAGOJ VIČEVIĆ'),
(302, 'ZADAR', 'NARODNI TRG 1', 23000, '023/208-177', '023/213-916', 'gradonacelnik@grad-zadar.hr', 'www.grad-zadar.hr', 'BRANKO DUKIĆ', 'ANTE BABIĆ', 'JAGODA SURAĆ', '', 'ZVONIMIR VRANČIĆ'),
(303, 'BIBINJE', 'TRG TOME BULIĆA 2', 23205, '023/261-166', '023/261-803', 'pisarnica@bibinje.hr', 'www.bibinje.hr', 'BRUNO BUGARIJA', 'ŠIME SEKULA', '', '', 'IVAN ŠIMUNIĆ'),
(304, 'GALOVAC', 'ULICA I 113A', 23222, '023/392-073', '023/392-687', 'opcina.galovac@gmail.com', 'www.galovac.hr', 'MARIN GULAN', 'ŽELJKO VUJEVIĆ', '', '', 'ALEN BURČUL'),
(305, 'GRAČAC', 'PARK SV. JURJA 1', 23440, '023/773-007', '023/773-004', 'gracac@gracac.hr', 'www.gracac.hr', 'NATAŠA TURBIĆ', 'ROBERT JUKO', '', 'RAJKA RAĐENOVIĆ-ZAMJENICA OPĆINSKOG NAČELNIKA IZ REDA PRIPADNIKA SRPSKE NACIONALNE MANJINE', 'TADIJA ŠIŠIĆ'),
(306, 'JASENICE', 'PETRA ZORANIĆA 61', 23243, '023/655-011', '023/655-131', 'opcina-jasenice@zd.t-com.hr', 'www.jasenice.hr', 'MARTIN BARIČEVIĆ', 'DANE RONČEVIĆ', '', '', 'ŠIME MARUNA'),
(307, 'KALI', 'TRG MARNJIVA 23', 23272, '023/281-800', '023/281-801', 'opcina.kali@zd.t-com.hr', 'www.opcina-kali.hr', 'MARKO KOLEGA', 'ZVONKO MIŠLOV', '', '', 'LOVRE VIDOV'),
(308, 'KUKLJICA', 'ULICA VII BR. 48', 23271, '023/373-229', '023/373-840', 'opcina@kukljica.tcloud.hr', 'www.opcina-kukljica.hr', 'MARIN BOŠKO', 'IVONA CUKAR', '', '', 'MILORAD KOŠĆICA'),
(309, 'KOLAN', 'TRG KRALJA TOMISLAVA 6', 23251, '023/698-008', '023/698-008', 'info@kolan.hr', 'www.kolan.hr', 'MARIN PERNJAK', 'JOSIP ZUBOVIĆ', '', '', 'GRGICA ŠUPRAHA'),
(310, 'LIŠANE OSTROVIČKE', 'BRAŠTINA 41B', 23420, '023/661-001', '023/661-002', 'nacelnik@lisane-ostrovicke.hr', 'www.lisane-ostrovicke.hr', 'IVICA MUSIĆ', 'IVANA RADAŠ', '', '', 'ZDRAVKO NIMAC'),
(311, 'NIN', 'VIŠESLAVOV TRG 1', 23232, '023/265-252', '023/265-419', 'gradonacelnik@grad-nin.hr', 'www.grad-nin.hr', 'EMIL ĆURKO', 'DALIJA PAVLOVIĆ PEROŠ', '', '', 'MARKO BURELA'),
(312, 'NOVIGRAD', 'TRG KRALJA TOMISLAVA 1', 23312, '023/375-004', '023/375-149', 'opcina.novigrad@zd.t-com.hr', 'www.opcina-novigrad.hr', 'JOSO KLAPAN', 'SLAVKO GRUBIĆ', '', '', 'ANTONIO SINOVČIĆ'),
(313, 'PAKOŠTANE', 'KRALJICE JELENE 78', 23211, '023/381-060', '023/381-064', 'opcina.pakostane@zd.t-com.hr', 'www.opcina-pakostane.hr', 'MILIVOJ KURTOV', 'JOSIP KLARIĆ', '', '', 'SLAVKO MAKSAN'),
(314, 'PAŠMAN', 'PAŠMAN 34', 23262, '023/260-260', '023/260-402', 'opcina.pasman@zd.t-com.hr', 'www.opcinapasman.hr', 'KREŠIMIR ĆOSIĆ', 'ANDRO MAGIĆ', '', '', 'PETRA PERINOVIĆ'),
(315, 'POSEDARJE', 'TRG MARTINA POSEDARSKOG 1', 23242, '023/266-180', '023/266-438', 'info@opcina-posedarje.hr', 'www.opcina-posedarje.hr', 'IVICA KLANAC', 'MARIJA CRNJAK', '', '', 'MARIN GALIĆ'),
(316, 'POVLJANA', 'STJEPANA RADIĆA 20', 23249, '023/692-800', '023/692-005', 'info@povljana.hr', 'www.povljana.hr', 'IVICA POGORILIĆ', 'PREDRAG RUKAVINA', '', '', 'ŠIME JURIŠIĆ'),
(317, 'POLAČA', 'POLAČA 231 A', 23423, '023/662-001', '023/662-201', 'opcina-polaca@zd.t-com.hr', 'www.opcina-polaca.hr', 'TOMISLAV PRTENJAČA', 'ANTONIO ČAKARUN', '', '', 'OLIVER KULAŠ'),
(318, 'POLIČNIK', 'ULICA DR. FRANJE TUĐMANA 62', 23241, '023/354-004', '023/354-005', 'opcina-policnik@zd.t-com.hr', 'www.opcina-policnik.hr', 'DAVOR LONČAR', 'PETAR BOGOVIĆ', '', '', 'DARIJO BULJAT'),
(319, 'PREKO', 'TRG HRVATSKE NEZAVISNOSTI 2', 23273, '023/286-226', '023/286-702', 'opcina-preko@zd.t-com.hr', 'www.opcina-preko.hr', 'JURE BRIŽIĆ', 'KARLO NOVOSELIĆ', '', '', 'INGRID MELADA'),
(320, 'PRIVLAKA', 'IVANA PAVLA II 46', 23233, '023/367-561', '023/367-142', 'općina@privlaka.hr', 'www.privlaka.hr', 'GAŠPAR BEGONJA', 'NINA ŠKIBOLA', '', '', 'NIKICA BEGONJA'),
(321, 'RAŽANAC', 'RAŽANAC XVII 61', 23248, '023/651-402', '023/651-102', 'info@opcina-razanac.hr', 'www.opcina-razanac.hr', 'NIKOLA MILETIĆ', 'MARIO DUNDOVIĆ', '', '', 'JURE MATAK'),
(322, 'SALI', 'SALI II 74/A', 23281, '023/377-042', '023/377-560', 'opcina@opcina-Sali.hr', 'www.opcina-sali.hr', 'ZORAN MOROVIĆ', 'IVAN ORLIĆ', '', '', 'SREĆKO MILIĆ'),
(323, 'STANKOVCI', 'STANKOVCI 230', 23422, '023/380-442', '023/380-141', 'opcina-stankovci@zd.t-com.hr', 'www.stankovci.hr', 'ŽELJKO BARADIĆ', 'MATIJA ČAČIĆ', '', '', 'IVANA VUNIĆ'),
(324, 'STARIGRAD', 'TRG TOME MARASOVIĆA 1', 23244, '023/369-387', '023/359-176', 'info@opcina-starigrad.hr', 'www.opcina-starigrad.hr', 'KRSTE RAMIĆ', 'ŠIME MARASOVIĆ', '', '', 'MARKO MARASOVIĆ'),
(325, 'SUKOŠAN', 'HRVATSKIH BRANITELJA 14', 23206, '023/393-250', '023/394-430', 'opcina-sukosan@zd.t-com.hr', 'www.opcina-sukosan.hr', 'ANTE MARTINAC', 'FILIP DRAŽIĆ', '', '', 'TOMISLAV DRAŽIĆ'),
(326, 'SVETI FILIP I JAKOV', 'OBALA KRALJA TOMISLAVA 16', 23207, '023/389-800', '023/389-802', 'opcina-filip-jakov@zd.t-com.hr', 'www.opcina-svfilipjakov.hr', 'ZORAN PELICARIĆ', 'JOSIPA MRKIĆ', '', '', 'IGOR PEDISIĆ'),
(327, 'ŠKABRNJA', 'TRG DR. FRANJE TUĐMANA 6', 23223, '023/637-262', '023/637-706', 'opcinaskabrnja18@gmail.com,pisarnica@opcina-skabrnja.hr', 'www.opcina-skabrnja.hr', 'NEDILJKO BUBNJAR', 'KRISTINA ERLIĆ', '', '', 'MARKO IVKOVIĆ'),
(328, 'TKON', 'MULINA 7', 23212, '023/285-295', '023/285-304', 'otkon@tkon.hr', 'www.tkon.hr', 'GORAN MUŠĆET', 'IVICA JAKOVLJEV', '', '', 'BRANKO SMOLJAN'),
(329, 'VIR', 'VIR', 23234, '023/362-018', '023/363-480', 'protokol@vir.hr', 'www.vir.hr', 'KRISTIJAN KAPOVIĆ', 'ANTONIO VUČETIĆ', '', '', 'RAJKO RADOVIĆ'),
(330, 'VRSI', 'ULICA DR. FRANJE TUĐMANA 6', 23235, '023/360-625', '023/359-508', 'opcina@vrsi.hr', 'www.vrsi.hr', 'LUKA PERINIĆ', 'ANITA MARAŠ', '', '', 'JOSIPA MARAŠ'),
(331, 'ZEMUNIK DONJI', 'ULICA I', 23222, '023/351-660', '023/351-657', 'nacelnik@zemunik.hr', 'www.zemunik.hr', 'IVICA ŠARIĆ', 'IVICA DRAŽIĆ', '', '', 'JOSIP KRNČEVIĆ'),
(332, 'ZADARSKA', 'BOŽIDARA PETRANOVIĆA 8', 23000, '023/350-350', '023/350-319', 'zupanija@zadarska-zupanija.hr', 'www.zadarska-zupanija.hr', 'BOŽIDAR LONGIN', 'ŠIME MRŠIĆ', 'ŠIME VICKOVIĆ', '', 'ŽELJKO LONČAR'),
(333, 'BELI MANASTIR', 'KRALJA TOMISLAVA 53', 31300, '031/710-200', '031/710-222', 'anita@beli-manastir.hr', 'www.beli-manastir.hr', 'TOMISLAV ROB', 'IVANA BANDOV PAULIĆ', 'GORAN HES', 'PREDRAG STOJANOVIĆ', 'IGOR FRANJIĆ'),
(334, 'BELIŠĆE', 'VIJ. DR. FRANJE TUĐMANA 1', 31551, '031/400-601', '031/400-602', 'grad@belišće.hr', 'www.belisce.hr', 'DINKO BURIĆ', 'LJERKA VUČKOVIĆ', 'DOMAGOJ VARŽIĆ', '', 'DARIO FLETKO'),
(335, 'DONJI MIHOLJAC', 'VUKOVARSKA 1', 31540, '031/631-161', '031/7631-160', 'gradonacelnik@donjimiholjac.hr', 'www.donjimiholjac.hr', 'GORAN ALADIĆ', 'TOMISLAV BRUSAČ', '', '', 'JOSIP LUKAČEVIĆ'),
(336, 'ĐAKOVO', 'TRG DR. F.TUĐMANA 4', 31400, '031/840-444', '031/840-426', 'ured.gradonacelnika@djakovo.hr,gradonacelnik@djakovo.hr', 'www.djakovo.hr', 'MARIN MANDARIĆ', 'ROBERT FRANCEM', 'ANTUN GALIĆ', '', 'PAVO CINDRIĆ'),
(337, 'NAŠICE', 'TRG DR.FRANJE TUĐMANA 7', 31500, '031/618-160', '031/618-170', 'grad@nasice.hr', 'www.nasice.hr', 'JOSIP MILETIĆ', 'KREŠIMIR ŽAGAR', 'HRVOJE ŠIMIĆ', '', 'STJEPAN PINTARIĆ'),
(338, 'OSIJEK', 'KUHAČEVA 9', 31000, '031/229-229', '031/229-180,031/211-675', 'gradonacelnik@osijek.hr,info@osijek.hr', 'www.osijek.hr', 'IVAN VRKIĆ', 'ŽANA GAMOŠ', 'BORIS PILIŽOTA', '', 'ŽELJKO POŽEGA'),
(339, 'VALPOVO', 'MATIJE GUPCA 32', 31550, '031/656-200', '031/656-408', 'mail@valpovo.hr', 'www.valpovo.hr', 'MARIO ŠUTALO', 'HRVOJE GAŠPAROVIĆ', 'ANA BRAJNOVIĆ', '', 'DEJAN PISAČIĆ'),
(340, 'ANTUNOVAC', 'BRAĆE RADIĆA 4', 31216, '031/278-022', '031/278-023', 'opcina-antunovac@os.t-com.hr', 'www.opcina-antunovac.hr', 'DAVOR TUBANJSKAI', 'MARTA BIZJAK', '', '', 'ZLATKO MATIJEVIĆ'),
(341, 'BILJE', 'KRALJA ZVONIMIRA 1B', 31327, '031/751-400', '031/751-410', 'bilje@bilje.hr', 'www.bilje.hr', 'ŽELJKO CICKAJ', 'GABOR VARGA', '', 'ERIK MUNK-ZAMJENIK OPĆINSKOG NAČELNIKA IZ REDA PRIPADNIKA MAĐARSKE NACIONALNE MANJINE', 'SREĆKO TATAREVIĆ'),
(342, 'BIZOVAC', 'ULICA KRALJA TOMISLAVA 89', 31222, '031/675-301', '031/675-674', 'opcina.bizovac@os-t-com.hr,nacelnik@opcina-bizocac.hr', 'www.opcina-bizovac.hr', 'SREĆKO VUKOVIĆ', 'TANJA TAVIĆ', '', '', 'MILAN KRANJČEVIĆ'),
(343, 'ČEMINAC', 'MATIJE GUPCA 1', 31325, '031/756-543', '031/756-043', 'opcina@ceminac.hr', 'www.ceminac.hr', 'ZLATKO PINJUH', 'ANUŠA REŠETAR', '', '', 'MARIO KRALJ'),
(344, 'ČEPIN', 'K. ZVONIMIRA 105', 31431, '031/381-166', '031/381-257', 'opcina@cepin.hr', 'www.cepin.hr', 'DRAŽEN TONKOVAC', 'IVAN ŽERAVICA', 'MATEJA KALAJŽIĆ', '', 'ROBERT PERIŠA'),
(345, 'DARDA', 'SV. IVANA KRSTITELJA 89', 31326, '031/740-002', '031/740-201', 'opcina@darda.hr', 'www.darda.hr', 'ANTO VUKOJE', 'ANTONIO BRANILOVIĆ', '', 'RADOVAN GOTOVAC-ZAMJENIK OPĆINSKOG NAČELNIKA IZ REDA PRIPADNIKA SRPSKE NACIONALNE MANJINE', 'ZVJEZDANA POSAVEC'),
(346, 'DONJA MOTIČINA', 'MATIJE GUPCA 62 A', 31513, '031/606-116', '031/606-116', 'opcina@donja-moticina.hr', 'www.donja-moticina.hr', 'ŽELJKO KOVAČEVIĆ', 'MIŠO TOMAC', '', '', 'RUŽICA MIKIČIĆ'),
(347, 'DRAŽ', 'BRAĆE RADIĆ 58', 31305, '031/736-100', '031/736-474', 'draz@draz.hr', 'www.draz.hr', 'STJEPAN ŠAŠLIN', 'SAŠA IVIČIN', '', 'ŠANDOR ŠIPOŠ-ZAMJENIK OPĆINSKOG NAČELNIKA IZ REDA PRIPADNIKA MAĐARSKE NACIONALNE MANJINE', 'EVA BALATINAC'),
(348, 'DRENJE', 'LJUDEVITA GAJA 25', 31418, '031/862-006', '031/862-005', 'opcina-drenje@os.t-com.hr', 'www.drenje.hr', 'SLAVKO DEŠIĆ', 'ZVONKO DORIĆ', '', '', 'ZVONKO PETANJAK'),
(349, 'ĐURĐENOVAC', 'ULICA GRADA VUKOVARA 1', 31511, '031/602-018', '031/602-422', 'opcina-djurdjenovac@po.t-com.hr', 'www.djurdjenovac.hr', 'HRVOJE TOPALOVIĆ', 'DRAGICA PAVLIĆ', '', '', 'TOMISLAV ABIČIĆ'),
(350, 'ERDUT', 'ULICA BANA JOSIPA JELAČIĆA 4', 31226, '031/590-111', '031/590-150', 'opcinaer@inet.hr,info@opcina-erdut.hr', 'www.opcina-erdut.hr', 'JUGOSLAV VESIĆ', 'SLOBODAN NARANČIĆ', 'DAVID SUŠAC', '', 'JOVO VUKOVIĆ'),
(351, 'ERNESTINOVO', 'VL.NAZORA 64', 31215, '031/270-226', '031/270-214', 'procelnica@opcinaernestinovo.com,opcinaen@inet.hr', 'www.ernestinovo.hr', 'MIRJANA JUNUŠIĆ', 'ŽELJKO KATIĆ', '', 'DEŽE KELEMEN-ZAMJENIK OPĆINSKOG NAČELNIKA IZ REDA PRIPADNIKA MAĐARSKE NACIONALNE MANJINE', 'KRUNOSLAV DRAGIČEVIĆ'),
(352, 'FERIČANCI', 'TRG MATIJE GUPCA 3', 31512, '031/603-216', '031/603-749', 'nacelnik@opcina-fericanci.hr', 'www.opcina-fericanci.hr', 'MARKO KNEŽEVIĆ', 'IVAN KAPRALJEVIĆ', '', '', 'MARIN BENIĆ'),
(353, 'GORJANI', 'KULA 1', 31422, '031/853-421', '031/853-421', 'opcina.gorjani@gmail.com', 'www.gorjani.hr', 'IVAN LOVRIĆ', 'JOSIP SABO', '', '', 'ZVONKO MAJSTOROVIĆ'),
(354, 'JAGODNJAK', 'BORISA KIDRIĆA 100', 31324, '031/300-994', '031/300-940', 'opcina.jagodnjak@os.t-com.hr', 'www.jagodnjak.hr', 'STEVO MLINAREVIĆ', 'NADA ŠALAJIĆ', '', 'DENIS URTAJL-ZAMJENIK OPĆINSKOG NAČELNIKA IZ REDA PRIPADNIKA HRVATSKOG NARODA', 'MILENKO TOVJANIN'),
(355, 'KNEŽEVI VINOGRADI', 'HRVATSKE REPUBLIKE 3', 31309, '031/730-938', '031/732-106', 'opcina@knezevi-vinogadi.hr', 'www.knezevi-vinogradi.hr', 'VEDRAN KRAMARIĆ', 'DENEŠ ŠOJA', 'RUŽICA BATORI', 'STOJAN PETROVIĆ', 'DRAGANA BOŽIĆ'),
(356, 'KOŠKA', 'NIKOLE ŠUBIĆA ZRINSKOG 1', 31224, '031/681-001', '031/681-001', 'opcina-koška@os-t-com.hr', 'www.koska.hr', 'ZORAN KOVAČEVIĆ', 'MIROSLAV ĆUKUĆ', '', '', 'ŠTEFICA KUZMINSKI'),
(357, 'LEVANJSKA VAROŠ', 'GLAVNA 70', 31416, '031/864-010', '031/864-010', 'opcina.levanjska.varos@gmail.com', 'www.opcina-levanjska-varos.hr', 'SLAVKO TIDLAČKA', 'GORAN FOGADIĆ', '', '', 'JOSIP MEDVED'),
(358, 'MAGADENOVAC', 'ŠKOLSKA 1', 31542, '031/647-165', '031/647-123', 'opcina.magadenovac@os.t-com.hr', 'www.magadenovac.hr', 'STJEPAN ŽIVKOVIĆ', 'ZLATKO VUKOVIĆ', '', '', 'DAVORIN GAŠPARIĆ'),
(359, 'MARIJANCI', 'KRALJA ZVONIMIRA 2', 31555, '031/643-100', '031/643-334', 'info@marijanci.hr', 'www.marijanci.hr', 'DARKO DORKIĆ', 'TOMISLAV JELIĆ', '', '', 'DANKO ŠARGAČ'),
(360, 'PETLOVAC', 'RADE KONČARA 31', 31321, '031/747-070', '031/747-060', 'opcina@petlovac.hr', 'www.petlovac.hr', 'MILAN KNEŽEVIĆ', 'DALIBOR PERIN', '', '', 'DRAGO MAVRIN'),
(361, 'PETRIJEVCI', 'REPUBLIKE 114', 31208, '031/395-620', '031/395-620', 'info@petrijevci.hr', 'www.petrijevci.hr', 'IVO ZELIĆ', 'ĐURO PETNJARIĆ', '', '', 'IVAN VRBANIĆ'),
(362, 'PODGORAČ', 'TRG P. PEJAČEVIĆA 2', 31433, '031/698-014', '031/698-014', 'opcinapodgorac@podgorac.hr', 'www.podgorac.hr', 'GORAN ĐANIĆ', 'JOSIP MOJZEŠ', '', 'LJILJANA GRBIĆ-ZAMJENICA OPĆINSKOG NAČELNIKA IZ REDA PRIPADNIKA SRPSKE NACIONALNE MANJINE', 'LJILJANA ZIDAR'),
(363, 'PODRAVSKA MOSLAVINA', 'J.J.STROSSMAYERA 150', 31530, '031/641-212', '031/641-910', 'opcinapodravskamoslavina@os.t-com.hr', 'www.podravskamoslavina.hr', 'ZDRAVKO ŠIMARA', 'IVICA VRKIĆ', '', '', 'HRVOJE PAVIN'),
(364, 'POPOVAC', 'VLADIMIRA NAZORA 32', 31303, '031/728-126', '031/728-123', 'popovac@popovac.hr', 'www.popovac.hr', 'ZORAN KONTAK', 'OSKAR MRAVLINČIĆ', '', 'ZORAN MILOŠEVIĆ-ZAMJENIK OPĆINSKOG NAČELNIKA IZ REDA PRIPADNIKA SRPSKE NACIONALNE MANJINE', 'MARTIN IVIŠIĆ'),
(365, 'PUNITOVCI', 'S. RADIĆA 58', 31424, '031/861-309', '031/861-309', 'opcina.punitovci@os.t-com.hr', 'www.punitovci.hr', 'JASNA MARKOVIĆ', 'MARIJA POLJAREVIĆ', '', 'MARIJAN BATOREK-ZAMJENIK OPĆINSKOG NAČELNIKA IZ REDA PRIPADNIKA SLOVAČKE NACIONALNE MANJINE', 'ZDENKO PERIĆ'),
(366, 'SATNICA ĐAKOVAČKA', 'ANTE STARČEVIĆA 28', 31421, '031/852-019', '031/852-156', 'opcina.satnica.djakovacka@os.t-com.hr', 'www.satnica-djakovacka.hr', 'ŽELJKO ŠIMIĆ', 'VINKO SIČAJA', '', '', 'IVAN KUNA'),
(367, 'SEMELJCI', 'KOLODVORSKA 2', 31402, '031/856-310', '031/856-197', 'opcina.semeljci@os.t-com.hr', 'www.semeljci.hr', 'GRGA LONČAREVIĆ', 'MIRKO MILADINOVIĆ', '', '', 'IVAN MILADINOVIĆ'),
(368, 'STRIZIVOJNA', 'BRAĆE RADIĆA 172', 31410, '031/831-400', '031/831-033', 'opcina@strizivojna.hr', 'www.strizivojna.hr', 'JOSIP JAKOBOVIĆ', 'ZDRAVKO DEGMEČIĆ', '', '', 'NIKOLA DEGMEČIĆ'),
(369, 'ŠODOLOVCI', 'IVE ANDRIĆA 3', 31215, '031/296-083', '031/296-082', 'opcina-sodolovci@os.t-com.hr', 'www.sodolovci.hr', 'MILE ZLOKAPA', 'DRAGAN ZORUĆ', '', 'STJEPAN IVIĆ-ZAMJENIK OPĆINSKOG NAČELNIKA IZ REDA PRIPADNIKA HRVATSKOG NARODA', 'TOMISLAV STARČEVIĆ'),
(370, 'TRNAVA', 'I. MEŠTROVIĆA 2', 31411, '031/863-258,031/863-259', '031/863-066', 'opcina.trnava@os.t-com.hr', 'www.opcina-trnava.hr', 'IRENA MIKIĆ BREZINA', 'TOMICA LOVAČ', '', '', 'DARKO BELIR'),
(371, 'VILJEVO', 'BRAĆE RADIĆA 87', 31531, '031/644-014', '031/644-400', 'info@viljevo.hr', 'www.viljevo.hr', 'DOMINIK KNEŽEVIĆ', 'TOMISLAV MAĐARIĆ', '', 'MILORAD MALJKOVIĆ-ZAMJENIK OPĆINSKOG NAČELNIKA IZ REDA PRIPADNIKA SRPSKE NACIONALNE MANJINE', 'MONIKA FEKETE'),
(372, 'VIŠKOVCI', 'OMLADINSKA 23', 31401, '031/857-227', '031/857-227', 'opcina.viskovci1@os.t-com.hr', 'www.viskovci.hr', 'ANTE KRIŠTIĆ', 'TEREZIJA KVESIĆ', '', '', 'MARIO MARJANOVIĆ'),
(373, 'VLADISLAVCI', 'K. TOMISLAVA 141', 31404, '031/391-250', '031/391-007', 'vladislavci.tajnik@gmail.com', 'www.opcina-vladislavci.hr', 'MARIJAN TOMAS', 'IGOR KOVAČEV', '', '', 'KRUNOSLAV MOROVIĆ'),
(374, 'VUKA', 'OSJEČKA 83', 31403, '031/389-311', '031/389-654', 'opcinavu@inet.hr,procelnik@opcina-vuka.hr', 'www.opcina-vuka.hr', 'DAMIR MARIČIĆ', 'ILIJA BRNJAK', '', '', 'STJEPAN RIBIĆ'),
(375, 'OSJEČKO-BARANJSKA', 'TRG A. STARČEVIĆA 2', 31000, '031/221-501', '031/203-191', 'zupan@obz.hr', 'www.obz.hr', 'ŽUPAN IVAN ANUŠIĆ', 'PETAR LAGATOR', 'GORAN IVANOVIĆ', 'RADOMIR ČVARKOVIĆ-ZAMJENIK ŽUPANA IZ REDA PRIPADNIKA SRPSKE NACIONALNE MANJINE', 'DRAGAN VULIN'),
(376, 'DRNIŠ', 'TRG KRALJA TOMISLAVA 1', 22320, '022/888-830', '022/888-831', 'gradonacelnik@drnis.hr', 'www.drnis.hr', 'JOSIP BEGONJA', 'TOMISLAV DŽELALIJA', '', '', 'ANTE PLEADIN'),
(377, 'KNIN', 'DR. FRANJE TUĐMANA 2', 22300, '022/664-410', '022/660-445', 'grad@knin.hr', 'www.knin.hr', 'MARKO JELIĆ', 'MARIJO ĆAĆIĆ', 'KRISTINA PERIĆ', 'ŽELJKO DŽEPINA-ZAMJENIK GRADONAČELNIKA IZ REDA SRPSKE NACIONALNE MANJINE', 'VEDRANA POŽAR'),
(378, 'SKRADIN', 'TRG MALE GOSPE 3', 22222, '022/771-076,022/771-380', '022/771-051', 'grad.skradin@si.t-com.hr', 'www.grad-skradin.hr', 'ANTONIJO BRAJKOVIĆ', 'KRISTINA VLAIĆ BUBALO', '', 'NIKOLA MILOVIĆ-ZAMJENIK GRADONAČELNIKA IZ REDA SRPSKE NACIONALNE MANJINE', 'NADIJA ZORICA'),
(379, 'ŠIBENIK', 'TRG PALIH BRANITELJA DOMOVINSKOG RATA 1', 22000, '022/431-000', '022/431-099', 'press@sibenik.hr', 'www.sibenik.hr', 'ŽELJKO BURIĆ', 'DANIJEL MILETA', 'PAŠKO RAKIĆ', '', 'DRAGAN ZLATOVIĆ'),
(380, 'VODICE', 'IVE ČAČE 8', 22211, '022/444-900', '022/444-920', 'gradonacelnica@grad-vodice.hr', 'www.grad-vodice.hr', 'NELKA TOMIĆ', 'STIPE BOSOTIN', '', '', 'MARIN MIKŠIĆ'),
(381, 'BILICE', 'BOSUĆ 3', 22000, '022/310-599', '022/310-528', 'info@opcina-bilice.hr', 'www.opcina-bilice', 'JOSIP ČALETA', 'GORAN GRUBIŠIĆ', '', '', 'NEVEN MIKULANDRA'),
(382, 'BISKUPIJA', 'TRG IVANA MEŠTROVIĆA 2', 22300, '022/661-200', '022/660-332', 'opcinabiskupija.pisarnica@gmail.com', 'www.biskupija.hr', 'MILAN ĐURĐEVIĆ', 'OGNJEN VUKMIROVIĆ', '', '', 'DAMJAN BERIĆ'),
(383, 'CIVLJANE', 'KOD DOMA 3', 22310, '022/785-8700', '021/827-251', 'opcina@civljane.hr', 'www.civljane.hr', 'PETAR PREOČANIN', 'ANTE GUTIĆ', '', '', 'VESNA GUTIĆ'),
(384, 'ERVENIK', 'BUTIGA BR. 24', 22306, '022/642-360', 'NEMA', 'opcina.ervenik@gmail.com', 'www.ervenik.hr', 'PREDRAG BURZA', 'BILJANA RAŠETIĆ', '', '', 'MIRKO KOVAČEVIĆ'),
(385, 'KIJEVO', 'BAJANI 12', 22310, '022/681-004', '022/681-610', 'opcina-kijevo@si.t-com.hr', 'www.kijevo.hr', 'LIDIJA SLAVIĆ', 'ANTE JURIĆ-GRGIĆ', '', '', 'MARTIN ERCEGOVAC'),
(386, 'KISTANJE', 'TRG SV. NIKOLE 5', 22305, '022/763-055', '022/763-053', 'opcina@kistanje.hr', 'www.kistanje.hr', 'GORAN RELJIĆ', 'BORISLAV ŠARIĆ', '', 'ROKO ANTIĆ-ZAMJENIK OPĆINSKOG NAČELNIKA IZ REDA PRIPADNIKA HRVATSKOG NARODA', 'MARKO SLADAKOVIĆ'),
(387, 'MURTER-KORNATI', 'BUTINA 2', 22243, '022/435-599', '022/435-598', 'info@murter.hr', 'www.murter.hr', 'TONI TURČINOV', 'JULIA JEŽINA', '', '', 'VENČOSLAV SKRAČIĆ'),
(388, 'PIROVAC', 'ZAGREBAČKA 23', 22213, '022/467-077', '022/466-086', 'info@pirovac.hr', 'www.pirovac.hr', 'IVAN GULAM', 'ANTE ČUBRIĆ', '', '', 'ZVONIMIR DOBROVIĆ'),
(389, 'PRIMOŠTEN', 'SV. JOSIPA 7', 22202, '022/571-900', '022/571-902', 'info@primosten.hr', 'www.primosten.hr', 'STIPE PETRINA', 'JERE PRGIN', '', '', 'JERE GRACIN'),
(390, 'PROMINA', 'PUT KROZ OKLAJ 144', 22303, '022/881-018', '022/310-392', 'nacelnik@promina.hr', 'www.promina.hr', 'TIHOMIR BUDANKO', 'ŽARKO DUVANČIĆ', '', '', 'DAVORKA BRONIĆ'),
(391, 'ROGOZNICA', 'ULICA HRVATSKE MORNARICE 17', 22203, '022/559-040', '022/558-136', 'opcina.rogoznica@si.htnet.hr', 'www.rogoznica.hr', 'SANDRA JAKELIĆ', 'LJUBO ŽUPANOVIĆ', '', '', 'IVANA LOVRIĆ'),
(392, 'RUŽIĆ', 'PUT KROZ GRADAC 25', 22322, '022/872-811', '022/872-810', 'procelnik@opcina-ruzic.hr', 'www.opcina-ruzic.hr', 'ANTE PIJUK', 'DALIBOR DURDOV', '', '', 'ANTE DURAN'),
(393, 'UNEŠIĆ', 'DR. FRANJE TUĐMANA 40', 22323, '022/860-610', '022/860-546', 'opcina@unesic.hr', 'www.unesic.hr', 'ŽIVKO BULAT', 'VALENTIN PRANIĆ', '', '', 'ANTE BOŽIĆ'),
(394, 'TISNO', 'USKA ULICA 1', 22240, '022/439-262', '022/439-260', 'opcina@tisno.hr', 'www.tisno.hr', 'IVAN KLARIN', 'MILJENKO MEŠTROV', '', '', 'PETAR JAKOVČEV'),
(395, 'TRIBUNJ', 'ZAMALIN 22', 22212, '022/446-349', '022/446-021', 'opcina.tribunj@si.t-com.hr', 'www.tribunj.hr', 'MARKO GRUBELIĆ', 'ANTE PERKOV', '', '', 'SLOBODAN UKIĆ'),
(396, 'ŠIBENSKO-KNINSKA', 'TRG PAVLA ŠUBIĆA I. BR 2', 22000, '022/460-701,022/460-715', '022/460-750,022/460-751', 'ivana.strkalj@skz.hr zamjenik.zupana@skz.hr', 'www.sibensko-kninska-zupanija.hr', 'GORAN PAUK', 'NIKOLA BLAŽEVIĆ', 'DARIJA PULJIĆ', 'ANJA ŠIMPRAGA-ZAMJENICA ŽUPANA IZ REDA PRIPADNIKA SRPSKE NACIONALNE MANJINE', 'NEDILJKO DUJIĆ'),
(397, 'ILOK', 'TRG NIKOLE ILOČKOG 13', 32236, '032/592-950', '032/592-966', 'grad.ilok@ilok.hr', 'www.ilok.hr', 'MARINA BUDIMIR', 'JOSIP KOVAČ', '', '', 'LIDIJA VRANKOVIĆ KNAPČEK'),
(398, 'OTOK', 'TRG KRALJA TOMISLAVA 6/A', 32252, '032/395-320', '032/394-122', 'info@gradotok.tcloud.hr', 'www.otok.hr', 'JOSIP ŠARIĆ', 'ZVONIMIR PUĆO', '', '', 'MILENKO DRLJEPAN'),
(399, 'VINKOVCI', 'BANA J. JELAČIĆA 1', 32100, '032/337-200', '032/332-624', 'gradonacelnik@vinkovci.hr', 'www.vinkovci.hr', 'IVAN BOSANČIĆ', 'GABRIJEL ŠOKIČIĆ', 'KATA KREŠIĆ', '', 'MLADEN KARLIĆ'),
(400, 'VUKOVAR', 'DR. FRANJE TUĐMANA 1', 32000, '032/456-501', '032/456-500', 'gradonacelnik@vukovar.hr', 'www.vukovar.hr', 'IVAN PENAVA', 'MARIJAN PAVLIČEK', 'IVANA MUJKIĆ', 'SRĐAN MILAKOVIĆ-ZAMJENIK GRADONAČELNIKA IZ REDA SRPSKE NACIONALNE MANJINE', 'TOMISLAV ŠOTA'),
(401, 'ŽUPANJA', 'J.J.STROSSMAYERA 1', 32270, '032/830-490', '032/830-474', 'gradsko.poglavarstvo.zupanja@vk.htnet.hr', 'www.zupanja.hr', 'DAVOR MILIĆEVIĆ', 'MLADEN DOGAN', 'KRUNO ŠARIĆ', '', 'NADA GALOVIĆ'),
(402, 'ANDRIJAŠEVCI', 'VINKOVAČKA 6', 32271, '032/225-400', '032/225-400', 'opcina-andrijasevci@vk.htnet.hr', 'www.andrijasevci.hr', 'DAMIR DEKANIĆ', 'ANTE RAJKOVIĆ', '', '', 'ZLATKO KOBAŠEVIĆ'),
(403, 'BABINA GREDA', 'VLADIMIRA NAZORA 3', 32276, '032/854-400', '032/854-610', 'opcinababinagreda@gmail.com', 'www.babinagreda.hr', 'JOSIP KRNIĆ', 'TOMO ĐAKOVIĆ', '', '', 'JAKOB VERIĆ'),
(404, 'BOGDANOVCI', 'B.J.JELAČIĆA 1', 32000, '032/576-903', '032/576-903', 'opcina-bogdanovci@vu.t-com.hr', 'www.opcinabogdanovci.hr', 'MARKO BARUN', 'MARIO PAVLOVIĆ', '', 'JAROSLAV MEĐEŠI-ZAMJENIK OPĆINSKOG NAČELNIKA IZ REDA PRIPADNIKA RUSINSKE NACIONALNE MANJINE', 'JURAJ MIHAJLOVIĆ'),
(405, 'BOROVO', 'GLAVNA 3', 32227, '032/439-598', '032/439-601', 'opcina.borovo@inet.hr', 'www.opcina-borovo.hr', 'ZORAN BAĆANOVIĆ', 'DUŠKO DROBIĆ', '', '', 'SRĐAJ JEREMIĆ'),
(406, 'BOŠNJACI', 'TRG FRA B.T.LEKOVIĆA 15', 32275, '032/846-966', '032/846-963', 'opcina.bosnjaci@vu.t-com.hr', 'www.opcinabosnjaci.hr', 'ANDRIJA JUZBAŠIĆ', 'ALEN ALEKSIĆ', '', '', 'JOSIP ŠUMANOVAC'),
(407, 'CERNA', 'ŠETALIŠTE DR.F.TUĐMANA 2', 32272, '032/843-794', '032/843-790', 'opcina.cerna@vu.t-com.hr', 'www.cerna.hr', 'GORAN BEGOVIĆ', 'KREŠIMIR MAJSTOROVIĆ', '', '', 'BRANKO STOJČIĆ'),
(408, 'DRENOVCI', 'TOLJANI 1', 32257, '032/861-306,032/861-243', '032/861-306', 'opcina.drenovci@vk.t-com', 'www.opcina-drenovci.hr', 'JAKŠA ŠESTIĆ', 'BORIS ŠPANIĆ', '', '', 'DRAGO KLARIĆ'),
(409, 'GRADIŠTE', 'TRG HRVATSKIH VELIKANA 5', 32273, '032/841-270', '032/841-270', 'opcina-gradiste@vk.t-com.hr', 'www.gradiste.hr', 'SREĆKO PAPAC', 'JOSIP ČOLAKOVAC', '', '', 'IVANA ČOLAKOVAC MIJIĆ'),
(410, 'GUNJA', 'VLADIMIRA NAZORA 97', 32260, '032/882-100', '032/297-879', 'opcina.gunja@vk.t-com.hr', 'www.gunja.hr', 'ANTO GUTIĆ', 'ANTONIO MARKOVIĆ', '', 'REDŽEP SALKIĆ-ZAMJENIK OPĆINSKOG NAČELNIKA IZ REDA PRIPADNIKA BOŠNJAČKE NACIONALNE MANJINE', 'BORIS NIKOLIĆ'),
(411, 'IVANKOVO', 'BOŠNJACI 6', 32281, '032/379-628', '032/379-026', 'opcina.ivankovo@gmail.com', 'www.opcina-ivankovo.hr', 'MARKO MILIČEVIĆ', 'IGOR DOJMI', '', '', 'KRISTIJAN BARIČEVIĆ'),
(412, 'JARMINA', 'V.NAZORA 2', 32280, '032/215-542', '032/215-101', 'jarmina@jarmina.hr', 'www.jarmina.hr', 'ANDRIJA DRAGANIĆ', 'STJEPAN BENČIĆ', '', '', 'DRAGUTIN CULI'),
(413, 'LOVAS', 'ANTE STARČEVIĆA 5', 32237, '032/525-096,032/525-095', '032/525-096', 'opcina-lovas1@vk.htnet.hr', 'www.lovas.hr', 'TANJA CIRBA', 'IVAN MUJIĆ', '', '', 'STJEPAN MILAS'),
(414, 'MARKUŠICA', 'V.S. KARADŽIĆA BR. 3', 32213, '032/563-921', '032/563-921', 'opcina-markusica@vk.t-com.hr', 'www.markusica.hr', 'BUDIMIR DRAČA', 'MIROSLAV JELAČA', '', '', 'RADENKO BOŠKOVIĆ'),
(415, 'NEGOSLAVCI', 'VUKOVARSKA 7', 32239, '032/517-054', '032/517-054', 'opcina.negoslavci@gmail.com', 'www.opcina-negoslavci.hr', 'DUŠAN JECKOV', 'MILOŠ RODIĆ', '', '', 'MIODRAG MIŠANOVIĆ'),
(416, 'NIJEMCI', 'TRG KRALJA TOMISLAVA 6', 32245, '032/280-012', '032/280-018', 'nijemci@vk.t-com.hr', 'www.opcina-nijemci.com', 'VJEKOSLAV BELAJEVIĆ', 'KRISTINA SKOKO', '', '', 'MIRKO JURIŠIĆ'),
(417, 'NUŠTAR', 'TRG DR. FRANJE TUĐMANA 1', 32221, '032/388-921', '032/388-924', 'nustar-opcina@vu.t-com.hr', 'www.nustar.hr', 'HRVOJE DRINOVAC', 'DRAGO MRKONJIĆ', '', '', 'DARIO NOVAK'),
(418, 'PRIVLAKA', 'FALIČEVCI 7', 32251, '032/398-822', '032/398-487', 'opcina.privlaka@vu.t-com.hr', 'www.opcina-privlaka.hr', 'DARKO GALIĆ', 'ANTO PERKUNIĆ TUNJA', '', '', 'ANTUN GRČEVIĆ'),
(419, 'STARI JANKOVCI', 'DR. FRANJE TUĐMANA 1', 32241, '032/541-901,032/541-902,032/541-913,032/541-914', '032/541-900', 'opcina-stari-jankovci@o-jankovci.hr', 'www.o-jankovci.hr', 'DRAGAN SUDAREVIĆ', 'ANDJELKO GELO', '', 'SINIŠA ŠUŠA-ZAMJENIK OPĆINSKOG NAČELNIKA IZ REDA PRIPADNIKA SRPSKE NACIONALNE MANJINE', 'BORIS DRAGIČEVIĆ'),
(420, 'STARI MIKANOVCI', 'ŠKOLSKA 1', 32284, '032/210-349', '032/210-277', 'opcina.stari.mikanovci@vk.t-com.hr', 'www.mikanovci.hr', 'MARIO MILINKOVIĆ', 'BOŽIDAR IŠTAKOVIĆ', '', '', 'IVAN KONJAREVIĆ'),
(421, 'ŠTITAR', 'J.J. STROSSMAYERA 36', 32274, '032/847-914,032/847-915', '032/847-914', 'opcina.stitar@vu.t-com.hr', 'www.opcina-stitar.hr', 'MARKO BIKIĆ', 'ŽELJKO KOBAŠEVIĆ', '', '', 'MARINA PRANJIĆ'),
(422, 'TOMPOJEVCI', 'A.G. MATOŠA 1', 32238, '032/514-184', '032/514-185', 'opcina-tompojevci@vk.t-com.hr', 'www.opcina-tompojevci.hr', 'ZDRAVKO ZVONARIĆ', 'KRISTINA KOVAČIĆ', '', 'SLAVKO ŽDINJAK-ZAMJENIK OPĆINSKOG NAČELNIKA IZ REDA PRIPADNIKA RUSINSKE NACIONALNE MANJINE', 'DUBRAVKO MARTIĆ'),
(423, 'TORDINCI', 'TRG HRVATSKIH ŽRTAVA 9', 32214, '032/580-985', '032/580-985', 'opcina.tordinci@vu.t-com.hr', 'www.tordinci.com', 'ŽELJKO MATANOVIĆ', 'MIHAELA SILOVIĆ', '', 'IŠTVAN DEŽE-ZAMJENIK OPĆINSKOG NAČELNIKA IZ REDA PRIPADNIKA MAĐARSKE NACIONALNE MANJINE', 'PETAR MARIĆ'),
(424, 'TOVARNIK', 'A.G.MATOŠA 2', 32249, '032/524-023', '032/524-022', 'opcinatovarnik@gmail.com', 'www.opcina-tovarnik.hr', 'RUŽA VESELČIĆ-ŠIJAKOVIĆ', 'JASMIN BUDINSKI', '', '', 'DUBRAVKO BLAŠKOVIĆ'),
(425, 'TRPINJA', 'GAJČANSKA 1', 32224, '032/564-050', '032/564-212', 'opcina.trpinja@vu.t-com.hr', 'www.opcinatrpinja.hr', 'MIROSLAV PALIĆ', 'JASNA AJDUKOVIĆ', '', '', 'NIKOLA LAZIĆ'),
(426, 'VOĐINCI', 'J.J.STROSSMAYERA 198', 32283, '032/205-452', '032/205-810', 'opcina.vodjinci@gmail.com', 'www.vodjinci.hr', 'MARTIN KORDIĆ', 'TOMISLAV BOŽIĆ', '', '', 'JURICA CVITKOVIĆ'),
(427, 'VRBANJA', 'TRG DR. FRANJE TUĐMANA 1', 32254, '032/863-108', '032/863-241', 'opcina@opcina-vrbanja.hr', 'www.opcina-vrbanja.hr', 'VELIMIR REDL', 'GRACIJELA STIBA', '', '', 'ZLATKO BALTA'),
(428, 'VUKOVARSKO-SRIJEMSKA', 'ŽUPANIJSKA 9', 32000, '032/454-201', '032/454-205', 'bozo.galic@vusz.hr', 'www.vusz.hr', 'BOŽO GALIĆ', 'DAMIR BARNA', 'JOSIP DABRO', 'ĐORĐE ĆURČIĆ-ZAMJENIK ŽUPANA IZ REDA PRIPADNIKA SRPSKE NACIONALNE MANJINE', 'DRAŽEN MILINKOVIĆ'),
(429, 'SPLIT', 'OBALA KNEZA BRANIMIRA 17', 21000, '021/310-252', '021/310-254', 'andro.krstulovicopara@split.hr', 'www.split.hr', 'ANDRO KRSTULOVIĆ OPARA', 'NINO VELA', 'JELENA HRGOVIĆ', '', 'JURE ŠUNDOV'),
(430, 'HVAR', 'MILANA KUKURINA 2', 21450, '021/681-734', '021/681-738', 'rikardo.novak@hvar.hr', 'www.hvar.hr', 'RIKARDO NOVAK', 'KUZMAN NOVAK', '', '', 'JURICA MILIČIĆ'),
(431, 'IMOTSKI', 'ANTE STARČEVIĆA 23', 21260, '021/841-125', '021/841-409', 'ured-gradonacelnika@imotski.hr', 'www.imotski.hr', 'IVAN BUDALIĆ', 'MILAN ZDILAR', 'VICE ČIKEŠ', '', 'PERICA TUCAK'),
(432, 'KAŠTELA', 'BRAĆE RADIĆ 1', 21212, '021/205-205', '021/224-201', 'tajnica@kastela.hr', 'www.kastela.hr', 'DENIS IVANOVIĆ', 'GRGICA BENUTIĆ', 'JADRANKA MATOK-BOSANČIĆ', '', 'IVAN UDOVIČIĆ'),
(433, 'KOMIŽA', 'HRVATSKIH MUČENIKA 17', 21485, '021/713-644', '021/713-019', 'poslovnitajnik@komiza.hr', 'www.komiza.hr', 'TONKA IVČEVIĆ', 'JERKO MARINKOVIĆ', '', '', 'EDO BOGDANOVIĆ'),
(434, 'MAKARSKA', 'OBALA KRALJA TOMISLAVA 1', 21300, '021/608-401', '021/612-046', 'gradonacelni@makarska.hr', 'www.makarska.hr', 'JURE BRKAN', 'DRAŽEN NEMČIĆ', 'JOZE VRANJEŠ', '', 'MARKO OŽIĆ-BEBEK'),
(435, 'OMIŠ', 'TRG KRALJA TOMISLAVA 5', 21310, '021/755-500', '021/862-022', 'grad@omis.hr', 'www.omis.hr', 'IVO TOMASOVIĆ', 'IVAN BARTULOVIĆ', 'RINA MARUŠIĆ', '', 'ZVONKO MOČIĆ'),
(436, 'SINJ', 'DRAGAŠEV PROLAZ 24', 21230, '021/821-081', '021/826-591', 'info@sinj.hr', 'www. sinj.hr', 'KRISTINA KRIŽANAC', 'DENIS GLAVAN', 'ZLATKO UGRIN', '', 'JOŠKO KONTIĆ'),
(437, 'SOLIN', 'STJEPANA RADIĆA 42', 21210, '021/555-201,021/555-203', '021/211-120', 'gradonacelnik@solin.hr', 'www.solin.hr', 'DALIBOR NINČEVIĆ', 'IVICA RAKUŠIĆ', 'TIHOMIR BEČKO', '', 'RENATO PRKIĆ'),
(438, 'STARI GRAD', 'NOVO RIVA 3', 21460, '021/765-520', '021/717-818', 'grad@stari-grad.hr', 'www.stari-grad.hr', 'ANTONIO ŠKARPA', 'ŽANETA ROIĆ', '', '', 'SILVANA SANSEOVIĆ'),
(439, 'SUPETAR', 'VLAČICA 5', 21400, '021/756-710', '021/756-711', 'grad-supetar@gradsupetar.hr', 'www.gradsupetar.hr', 'IVANA MARKOVIĆ', 'DRAGIČEVIĆ ŠIMICA', '', '', 'DANIJELA KIRIGIN'),
(440, 'TRILJ', 'POLJIČKE REPUBLIKE 15', 21240, '021/831-135', '021/831-198', 'grad-trilj@st.t-com.hr', 'www.trilj.hr', 'IVAN ŠIPIĆ', 'IVAN BUGARIN', '', '', 'IVANA ŽIVALJIĆ'),
(441, 'TROGIR', 'TRG IVANA PAVLA II. 1', 21220, '021/800-401', '021/800-408', 'ante.bilic@trogir.hr', 'www.trogir.hr', 'ANTE BILIĆ', 'VIKTOR NOVAK', 'RUŽA KOVAČEVIĆ BILIĆ', '', 'ANTE PITEŠA'),
(442, 'VIS', 'TRG 30. SVIBNJA 1992. BR. 2', 21480, '021/711-125', '021/711-063', 'gradvis@gradvis.hr', 'www.gradvis.hr', 'IVO RADICA', 'ANTONIA USKOK', '', '', 'MARINKO ZBUČIĆ'),
(443, 'VRGORAC', 'TINA UJEVIĆA 8', 21276, '021/674-031', '021/674-012', 'grad@vrgorac.hr', 'www.vrgorac.hr', 'ANTE PRANIĆ', 'MILE HERCEG', '', '', 'LJUBOMIR ERCEG'),
(444, 'VRLIKA', 'TRG FRA FILIPA GRABOVCA 6', 21236, '021/827-023', '021/827-222', 'grad@vrlika.hr', 'www.vrlika.hr', 'JURE PLAZONIĆ', 'NIKOLA UZUN', '', '', 'DIJANA MARAS'),
(445, 'BOL', 'UZ PJACU 2', 21420, '021/635-811', '021/635-044', 'stipe.karmelic@opcinabol.hr', 'www.opcinabol.hr', 'TIHOMIR MARINKOVIĆ', 'JAKOV OKMAŽIĆ', '', '', 'MATKO BAKOVIĆ'),
(446, 'BAŠKA VODA', 'OBALA SV. NIKOLE 65', 21320, '021/620-244', '021/620-244', 'opcina.baska.voda@st.t-com.hr', 'www.opcinabaskavoda.com', 'JOSKO ROŠČIĆ', 'FILIP VIDULIN', '', '', 'ANTE LONČAR'),
(447, 'BRELA', 'TRG ŽRTAVA DOMOVINSKOG RATA', 21322, '021/618-561', '021/618-331', 'opcina-brela@st.htnet.hr', 'www.opcina-brela.hr', 'STIPE URSIĆ', 'VIKTOR PULJAK', '', '', 'VANJA SOKOL'),
(448, 'DICMO', 'KRAJ 43', 21232, '021/837-937', '021/837-466', 'opcina@dicmo.hr', 'www.dicmo.hr', 'IVAN MARETIĆ', 'IVAN BUROV', '', '', 'DRAŽAN GRČIĆ'),
(449, 'DUGI RAT', 'POLJIČKA CESTA 133', 21315, '021/734-900,021/735-291', '021/734-900', 'opcina@dugirat.hr', 'www.dugirat.hr', 'JERKO ROGLIĆ', 'LOVRE BILIĆ', '', '', 'BERNARDIN PETRIĆ'),
(450, 'DUGOPOLJE', 'TRG. DR FRANJE TUĐMANA 1', 21204, '021/668-280', '021/665-250', 'opcina@dugopolje.hr', 'www.dugopolje.hr', 'PERICA BOSANČIĆ', 'ANITA MARASOVIĆ', '', '', 'JOŠKO ČELAN'),
(451, 'GRADAC', 'STJEPANA RADIĆA 3', 21330, '021/697-601', '021/697-549', 'info@opcinagradac.hr', 'opcina gradac', 'MATKO BURIĆ', 'ANITA ŠUTIĆ', '', '', 'MONIKA STIPIĆ'),
(452, 'HRVACE', 'HRVACE 310', 21233, '021/829-005', '021/829-700', 'opcina.hrvace@st.htnet.hr', 'www.opcina-hrvace.hr', 'DINKO BOŠNJAK', 'JAKOV TITLIĆ', '', '', 'IVAN BANDIĆ'),
(453, 'JELSA', 'JELSA 404', 21465, '021/761-400', '021/761-846', 'nacelnik@jelsa.hr', 'www.jelsa.hr', 'NIKŠA PERONJA', 'VLATKA BUJ', '', '', 'IVAN GRGIČEVIĆ'),
(454, 'KLIS', 'IZA GRADA 2', 21231, '021/240-292', '021/240-675', 'info@klis.hr', 'www.klis.hr', 'JAKOV VETMA', 'MARKO GALIĆ', '', '', 'JOSIP DIDOVIĆ'),
(455, 'LEĆEVICA', 'TRG ANTE BUŽANČIĆA TICE 1', 21202, '021/250-001', '021/250-037', 'info@lecevica.hr', 'www.lecevica.hr', 'ANTE BARAN', 'SLAVKO GRGUREVIĆ', '', '', 'ANTE PRDIĆ'),
(456, 'LOKVIČIĆI', 'KRISTA KRALJA 1', 21263, '021/853-700', '021/853-700', 'opcina.lokvicici@gmail.com', 'www.lokvicici.hr', 'BRANKO KNEZOVIĆ', 'IVICA JURIĆ-KAĆUNIĆ', '', '', 'MATE ZOVKO'),
(457, 'LOVREĆ', 'DR. FRANJE TUĐMANA', 21257, '021/723-001', '021/723-002', 'opcina.lovrec@st.t-com.hr', 'www.lovrec.hr', 'ANITA NOSIĆ', 'PETAR PETRIČEVIĆ', '', '', 'BOGOSLAV DŽAJA'),
(458, 'MARINA', 'ANTE RUDANA 47', 21222, '021/889-088,021/889-524', '021/796-541', 'tajnica@marina.hr', 'www.marina.hr', 'ANTE MAMUT', 'KATARINA KAZOTI JERKOVIĆ', '', '', 'DAVOR RADIĆ'),
(459, 'MILNA', 'SRIDNJA KALA 1', 21405, '021/636-212', '021/636-166', 'opcina@opcinamilna.hr', 'www.opcinamilna.hr', 'VIKTOR MARETIĆ', 'BRANKO DŽIMBEG', '', '', 'KATICA BUZOLIĆ'),
(460, 'MUĆ', 'DONJI MUĆ 254', 21203, '021/652-225', '021/652-214', 'opcina-muc@st.t-com.hr', 'www.muc.hr', 'FILIP STUPALO', 'ANA-MARIJA JUKIĆ', '', '', 'JELENA GRGIĆ'),
(461, 'NEREŽIŠĆA', 'TRG SV PETRA 6', 21423, '021/637-300', '', 'tajnistvo@nerezisca.hr', 'www.nerezisca.hr', 'SVEMIR OBILINOVIĆ', 'KATARINA ŠTAMBUK', '', '', 'NENAD KUŠČEVIĆ'),
(462, 'OKRUG', 'BANA JELAČIĆA 17', 21223, '021/886-353', '021/887-477', 'nacelnikov.ured@okrug.hr', 'www.okrug.hr', 'IVICA RADIĆ', 'BRUNA DADIĆ', '', '', 'ANTE MIŠE'),
(463, 'OTOK', 'TRG DR.FRANJE TUĐMANA 8', 21238, '021/834-503', '021/835-088', 'opcina-otok@st.t-com.hr', 'www.opcina-otok.hr', 'DUŠAN ĐULA', 'NEDILJKO LACO', '', '', 'IVAN JUKIĆ'),
(464, 'PODBABLJE', 'DRUM 15', 21262, '021/848-064', '021/848-008', 'podbablje@podbablje.hr', 'www.podbablje.hr', 'ANTE KUJUNDŽIĆ', 'MATE MATKOVIĆ', '', '', 'DANIJEL DODIG'),
(465, 'PODGORA', 'ANDRIJE KAČIĆA MIOŠIĆA 2', 21327, '021/603/951', '021/603/954', 'opcina.podgora2@st.t-com.hr', 'www.podgora.hr', 'ANTE MILIČIĆ', 'NENAD PERIĆ', '', '', 'MARIN URLIĆ'),
(466, 'PODSTRANA', 'TRG DR. FRANJE TUĐMANA 3', 21312, '021/330-545', '021/330-489', 'tajnica@podstrana.hr', 'www.podstrana.hr', 'MLADEN BARTULOVIĆ', 'TOMISLAV BULJAN', '', '', 'JUGOSLAV BAGATIN'),
(467, 'POSTIRA', 'POLJEŽICE 2', 21410, '021/717-910', '021/632-107', 'nacelnik@opcina-postira.hr', 'www.opcina-postra.hr', 'SINIŠA MAROVIĆ', 'IVICA VLAHOVIĆ', '', '', 'MARKO RADIĆ'),
(468, 'PRGOMET', 'DR. FRANJE TUĐMANA 10', 21201, '021/797-788,021/797-789', '021/797-790', 'opcina.prgomet@st.htnet.hr', 'www.opcina-prgomet.hr', 'IVAN SKELIN', 'IVAN JURIĆ', '', '', 'ANTE DREŽANČIĆ'),
(469, 'PRIMORSKI DOLAC', 'PRIMORSKI DOLAC 2', 21227, '021/899-445', '021/899-445', 'info@primorskidolac.hr', 'www.primorskidolac.hr', 'JOŠKO DUJMOVIĆ', 'JOSIP PENIĆ', '', '', 'MARIO MIŠKOVIĆ'),
(470, 'PROLOŽAC', 'TRG DR. FRANJE TUĐMANA 1', 21264, '021/846-158', '021/845-013', 'shumet@gmail.com', 'www.prolozac.hr', 'MATE LASIĆ', 'JAKIŠA BUBALO', '', '', 'JOSIP STOJIĆ'),
(471, 'PUČIŠĆA', 'TRG SV. JERONIMA 1', 21412, '021/633-290,021/633-205', '021/633-205', 'nacelnik@pucisca.hr', 'www.pucisca.hr', 'MARINO KAŠTELAN', 'ALEN PARUNOV', '', '', 'STJEPAN KUSANOVIĆ'),
(472, 'RUNOVIĆI', 'TRG FRA MIJE RUNOVIĆA 5', 21261, '021/849-507', '021/849-508', 'opcina-runovici@st.t-com.hr', 'www.runovici.hr', 'MARIO REPUŠIĆ', 'MATE JEKOVIĆ', '', '', 'PETAR BITANGA'),
(473, 'SEGET', 'TRG HRVATSKOG VITEZA ŠPIRO ŠEVO FRZELIN 1', 21218, '021/880-037', '021/880-171', 'opcina.seget@inet.hr', 'www.opcinaseget.hr', 'VINKO ZULIM', 'ANA TOMAŠ', '', '', 'IVAN STRIZE'),
(474, 'SELCA', 'TRG STJEPANA RADIĆA 5', 21425, '021/622-663,021/778-180', '021/600-270', 'info@selca.hr', 'www.selca.hr', 'IVAN MARIJANČEVIĆ', 'PAVLE ORDIĆ', '', '', 'MARČELO ŠTAMBUK'),
(475, 'SUĆURAJ', 'RIVA 19', 21469, '021/773-435,021/773-229', '021/717-736', 'opcina-sucuraj@st.t-com.hr', 'www.sucuraj.hr', 'IVAN SLAVIĆ', 'PREDRAG TRAJKOVIĆ', '', '', 'MATE JELIČIĆ'),
(476, 'SUTIVAN', 'TRG DR. FRANJE TUĐMANA 1', 21403, '021/717-508', '021/717-509', 'opcina-sutivan@sutivan.hr,anita@sutivan.hr', 'www.sutivan.hr', 'RANKO BLAŽEVIĆ', 'VALERIO RADMILOVIĆ', '', '', 'BARTUL LUKŠIĆ'),
(477, 'ŠESTANOVAC', 'DR. FRANJE TUĐMANA 75', 21250, '021/721-006', '021/721-006', 'info@opcina-sestanovac.hr', 'www.opcina-sestanovac.hr', 'PAVE ČIKEŠ', 'MARTIN MERČEP', '', '', 'NEDILJKO MERČEP'),
(478, 'ŠOLTA', 'PODKUĆA 8', 21430, '021/654-123', '021/654-130', 'opcina.solta@osolta.tcloud.hr', 'www.solta.hr', 'NIKOLA CECIĆ-KARUZIĆ', 'ŽELJKO ZLENDIĆ', '', '', 'ANTE RUIĆ'),
(479, 'TUČEPI', 'KRAJ 39A', 21325, '021/623-585', '021/623-568', 'opcina@tucepi.hr', 'www.tucepi.hr', 'ANTE ČOBRNIĆ', 'VJEKOSLAV ŠIMIĆ', '', '', 'MARIN BRBIĆ'),
(480, 'ZADVARJE', 'SV. KATE 28', 21255, '021/729-222', '021/729-222', 'opcina.zadvarje@st.t-com.hr,opcina.zadvarje2@st.t-com.hr', 'www.zadvarje.hr', 'IVAN KRŽELJ', 'IVANA KRNIĆ', '', '', 'TONI POPOVIĆ'),
(481, 'ZAGVOZD', 'ULICA FRANJE TUĐMANA 65', 21270, '021/847-080', '021/847-080', 'info@zagvozd.hr', 'www.zagvozd.hr', 'MIROSLAV GAĆE', 'LJUBOMIR SERDAREVIĆ', '', '', 'IVO MUŠURA'),
(482, 'ZMIJAVCI', 'DOMOVINSKOG RATA 161', 21266, '021/840-588', '021/840-177', 'opcina.zmijavci@st.t-com.hr', 'www.zmijavci.hr', 'MIROSLAV KAROGLAN', 'IVAN GUDELJ', '', '', 'STJEPAN GUDELJ'),
(483, 'CISTA PROVO', 'TRG DR. ANTE STARČEVIĆA 1', 21256, '021/722-201,021/722-103', '021/722-105', 'opcina.cista.provo@st.t-com.hr', 'www.opcina-cista-provo.hr', 'BOŽO ĆUBIĆ', 'MARIJAN KURTOVIĆ', '', '', 'MATE BUDIĆ'),
(484, 'SPLITSKO-DALMATINSKA', 'DOMOVINSKOG RATA 2/V', 21000, '021/400-200', '021/345-164', 'blazenko.boban@dalmacija.hr', 'www.dalmacija.hr', 'BLAŽENKO BOBAN', 'LUKA BRČIĆ', 'ANTE ŠOŠIĆ', '', 'PETROSLAV SAPUNAR'),
(485, 'BUJE-BUIE', 'ISTARSKA 2', 52460, '052/777-122', '052/772-158', 'info@buje.hr', 'www.buje.hr', 'FABRICIO VIŽINTIN', 'ARIJANA BRAJKO', '', 'JESSICA ACQAVITA-ZAMJENICA GRADONAČELNIKA IZ REDA PRIPADNIKA TALIJANSKE NACIONALNE MANJINE', 'RINO DUNIŠ'),
(486, 'BUZET', 'II ISTARSKE BRIGADE 11', 52420, '052/662-726', '052/662-676', 'info@buzet.hr', 'www.buzet.hr', 'SINIŠA ŽULIĆ', 'ANA PERNIĆ', '', '', 'DEJAN JAKAC'),
(487, 'LABIN', 'TITOV TRG 11', 52220, '052/852-078', '052/852-269', 'vesna.blazina@labin.hr', 'www.labin.hr', 'VALTER GLAVIČIĆ', 'FEDERIKA MOHOROVIĆ ČEKADA', 'ZORAN RAJKOVIĆ', '', 'ENI MODRUŠAN'),
(488, 'NOVIGRAD-CITTANOVA', 'VELIKI TRG 1', 52466, '052/757-055', '052/726-867', 'info@novigrad.hr', 'www.novigrad.hr', 'ANTEO MILOS', 'SONJA ŠIKANIĆ', '', '', 'VLADIMIR TORBICA'),
(489, 'PAZIN', 'DRUŽBE SV. ĆIRILA I METODA 10', 52000, '052/624-111', '052/624-133', 'ured.gradonacelnika@pazin.hr', 'www.pazin.hr', 'RENATO KRULČIĆ', 'MIRJANA GALANT', 'VELJKO BRAJKOVIĆ', '', 'DAVOR SLOKOVIĆ'),
(490, 'POREČ-PARENZO', 'OM TITA 5', 52440, '052/451-099', '052/434-868', 'ured.gradonacelnikaq@por', 'www.porec.hr', 'LORIS PERŠURIĆ', 'SANJA OPLANIĆ', 'ELIO ŠTIFANIĆ', 'NADIA ŠTIFANIĆ DOBRILOVIĆ-ZAMJENICA GRADONAČELNIKA IZ REDA PRIPADNIKA TALIJANSKE NACIONALNE MANJINE', 'MARIO RITOŠA'),
(491, 'PULA-POLA', 'FORUM 1', 52100, '052/371-710', '052/222-990', 'pisarnica@pula.hr', 'www.pula.hr', 'BORIS MILETIĆ', 'ROBERT CVEK', 'ELENA PUH BELCI', '', 'TIZIANO SOŠIĆ'),
(492, 'ROVINJ-ROVIGNO', 'MATTEOTTIJEV TRG 2', 52210, '052/805-205', '052/830-343', 'gradonacelnik@rovinj-rovigno.hr', 'www.rovinj-rovigno.hr', 'MARKO PALIAGA', 'MARINO BUDICIN', 'KRISTIJAN DAMIJANIĆ', '', 'VALERIO DRANDIĆ'),
(493, 'UMAG-UMAGO', 'GIUSEPPE GARIBALDI 6', 52470, '052/702-900', '052/741-967', 'ured-gradonacelnika@umag.hr', 'www.umag.hr', 'VILI BASSANESE', 'MAURO JURMAN', 'IVAN BELUŠIĆ', 'FLORIANA BASSANESE RADIN-ZAMJENICA GRADONAČELNIKAIZ REDA PRIPADNIKA TALIJANSKE NACIONALNE MANJINE', 'JURICA ŠILJEG'),
(494, 'VODNJAN-DIGNANO', 'TRGOVAČKA 2', 52215, '052/511-522', '052/511-326', 'info@vodnjan.hr', 'www.vodnjan.hr', 'KLAUDIO VITASOVIĆ', 'ENES CODACCI', '', 'DIRIANA DELCARO HRELJA-ZAMJENICA GRADONAČELNIKA IZ REDA PRIPADNIKA TALIJANSKE NACIONALNE MANJINE', 'CORRADO GHIRALDO'),
(495, 'BALE-VALLE', 'TRG TOMASO BEMBO 1', 52211, '052/824-303', '052/824-045', 'opcina.bale@pu.t-com.hr', 'www.opcina.bale-valle.hr', 'EDI PASTROVICCHIO', 'SANDI DRANDIĆ', '', 'MASSIMO PIUTTI-ZAMJENIK OPĆINSKOG NAČELNIKA IZ REDA PRIPADNIKA TALIJANSKE NACIONALNE MANJINE', 'VEDRAN ŠETIĆ'),
(496, 'BARBAN', 'BARBAN 69', 52207, '052/567-635', '052/567-638', 'info@barban.hr', 'www.barban.hr', 'DALIBOR PAUS', 'DALIBOR BILETIĆ', '', '', 'TONI URAVIĆ'),
(497, 'BRTONIGLA-VERTENEGLIO', 'TRG SV. ZENONA 1', 52474, '052/774-174', '052/774-174', 'info@brtonigla-verteneglio.hr', 'www.brtonigla-verteneglio.hr', 'PAOLO KLARIĆ', 'DORIANO LABINJAN', 'NEŠ SINOŽIĆ', 'NEŠ SINOŽIĆ-ZAMJENIK OPĆINSKOG NAČELNIKA IZ REDA PRIPADNIKA TALIJANSKE NACIONALNE MANJINE', 'EZIO BARNABA'),
(498, 'CEROVLJE', 'CEROVLJE 12', 52402, '052/684-140', '052/684-140', 'opcina@cerovlje.hr', 'www.cerovlje.hr', 'EMIL DAUS', 'KAMENKO OPATIĆ', '', '', 'IVAN JURADA');
INSERT INTO `CONTACT` (`ID`, `NAME`, `ADDRESS`, `ZIP_CODE`, `PHONE`, `FAX`, `EMAIL`, `WEB`, `GOVERNOR`, `VICE`, `VICE_2`, `VICE_MINORITIES`, `PRESIDENT_REPRESENTATIVE_BODY`) VALUES
(499, 'FAŽANA-FASANA', '43.ISTARSKE DIVIZIJE 8', 52212, '052/382-107', '052/382-104', 'opcina-fazana@pu.ht.hr', 'www.fazana.hr', 'RADOMIR KORAČ', 'ADA DAMIJANAC', '', '', 'ALEKSEJ MIŠAN'),
(500, 'FUNTANA-FONTANE', 'BERNARDA BORISIJA 2', 52452, '052/445-442', '', 'funtana@funtana.hr', 'www.funtana.hr', 'MLADEN GRGETA', 'ELENA MORELLATO DJAPJAŠ', '', '', 'MARIN TONKOVIĆ'),
(501, 'GRAČIŠĆE', 'LOŽA 1', 52403, '052/687-111', '052/687-156', 'nacelnik@gracisce.hr', 'www.gracisce.hr', 'IVAN MIJANDRUŠIĆ', 'DAMIR BAČAC', '', '', 'MARIJAN BROZAN'),
(502, 'GROŽNJAN-GRISIGNANA', 'ULICA UMBERTA GORJANA 3', 52429, '052/776-131', '052/721-131', 'pisarnica@groznjan-grisignana.hr', 'www.groznjan-grisignana.hr', 'CLAUDIO STOCOVAZ', 'PETER PUCER', '', 'SANJA BILOSLAV-ZAMJENICA OPĆINSKOG NAČELNIKA IZ REDA PRIPADNIKA HRVATSKOG NARODA', 'ROBERTA VERONEZE'),
(503, 'KANFANAR', 'TRG MARKA ZELJKA 6', 52352, '052/825-003', '052/825-044', 'opcina@kanfanar.hr', 'www.kanfanar.hr', 'SANDRO JURMAN', 'ZORAN ČERNJA', '', '', 'MARKO JELENIĆ'),
(504, 'KAROJBA', 'KAROJBA 1', 52423, '052/683-445', '052/616-866', 'opcina-karojba@pu.t-com.hr', 'www.karojba.hr', 'ALEN ROSIĆ', 'PATRICIJA KONTIĆ', '', '', 'SANJA MALIŠA'),
(505, 'KAŠTELIR-LABINCI-CASTELLIERE-S. DOMENICA', 'KAŠTELIR 113', 52464, '052/455-113', '052/463-152', 'opckas-lab@pu.t-com.hr', 'www.castelir-labinci.hr', 'ENIO JUGOVAC', 'KARLO GREBAC', '', '', 'ROZANA PETROVIĆ'),
(506, 'KRŠAN', 'BLAŠKOVIĆI 12', 52232, '052/378-222', '052/378-223', 'opcina-krsan@pu.t-com.hr', 'www.krsan.hr', 'VALDI RUNKO', 'ROMAN CARIĆ', '', '', 'ZDRAVKO VIDAK'),
(507, 'LANIŠĆE', 'LANIŠĆE 2', 52422, '052/661-060', '052/616-619', 'opcina.lanisce@pu.t-com.hr', 'www.opcinalanisce.com', 'ROBERTA MEDICA', 'MATEA POSEDEL FLEGO', '', '', 'IRENA ŠVERKO'),
(508, 'LIŽNJAN-LISIGNANO', 'KRASA 7', 52204, '052/578-082', '052/578-002', 'opcinaliznjan@liznjan.hr', 'www.liznjan.hr', 'MARKO RAVNIĆ', 'MATIJA MAUROVIĆ', '', '', 'SAŠA ŠKRINJAR'),
(509, 'LUPOGLAV', 'LUPOGLAV 17', 52426, '052/685-022', '052/685-021', 'opcina-lupoglav@pu.t-com.hr', 'www.lupoglav.hr', 'FRANKO BAXA', 'IVAN BUŽDON', '', '', 'NATAŠA FIJANIN'),
(510, 'MARČANA', 'MARČANA 158', 52206, '052/561-058', '052/571-075', 'marcana@marcana.hr', 'www.marcana.hr', 'PREDRAG PLIŠKO', 'MARIJAN KOSTEŠIĆ', '', '', 'DENIS DIKOVIĆ'),
(511, 'MEDULIN', 'CENTAR 223', 52203, '052/385-650', '052/385-660', 'opcina@medulin.hr', 'www.medulin.hr', 'GORAN BUIĆ', 'DAMIR DEMARIN', '', '', 'MARKO ZLATIĆ'),
(512, 'MOTOVUN-MONTONA', 'TRG ANDREA ANTICO 1', 52424, '052/681-642', '052/681-642', 'opcina@motovun.hr', 'www.motovun.hr', 'TOMISLAV PAHOVIĆ', 'DINA KOTIGA', '', '', 'ELVIS LINARDON'),
(513, 'OPRTALJ-PORTOLE', 'MATKA LAGINJE 21', 52428, '052/644-150', '052/644-077', 'opcina@oprtalj.hr', 'www.oprtalj.hr', 'ALEKSANDER KRT', 'ROBERTA KALČIĆ SAVATOVIĆ', '', '', 'IVAN ŠTOKOVAC'),
(514, 'PIĆAN', 'PIĆAN 40', 52, '52332', '052/887-058', 'opcina.pican@pu.t-com.hr', 'www.pican.hr', 'IVAN FRANKOVIĆ', 'TIHANA LUKEŽ', '', '', 'SILVAN JURAN'),
(515, 'RAŠA', 'TRG GUSTAVO PULITZER FINALI 2', 52223, '052/880-820', '052/874-629', 'opcina-rasa@pu.t-com.hr', 'www.rasa.hr', 'GLORIA PALISKA', 'TINA DAMIJANIĆ', '', '', 'ŽELJKO ZAHTILA'),
(516, 'SVETI LOVREČ', 'GRADSKI TRG 4', 52448, '052/448-195', '052/448-115', 'opcina-sveti-lovrec@pu.t-com.hr', 'www.sveti-lovrec.hr', 'MARKO LJUBEŠIĆ', 'SINIŠA TERLEVIĆ', '', '', 'ADRIANO PALMAN'),
(517, 'SVETA NEDELJA', 'NEDEŠČINA 103', 52231, '052/865-631', '052/865-600', 'munirka.podobnik@sv-nedelja.hr', 'www.sv-nedelja.hr', 'GIANVLADO KLARIĆ', 'IRENE FRANKOVIĆ', '', '', 'VALTER GOLJA'),
(518, 'SVETI PETAR U ŠUMI', 'SV.PETAR U ŠUMI 6', 52404, '052/686-444', '052/686-445', 'nacelnik@svpetarusumi.hr', 'www.svpetarusumi.hr', 'MARIO BRATULIĆ', 'NADIR BREŠČIĆ', '', '', 'NEVEN TURČINOVIĆ'),
(519, 'SVETVINČENAT', 'SVETVINČENAT 47', 52342, '052/560-016', '052/560-005', 'info@svetvincenat.hr', 'www.svetvincenat.hr', 'DALIBOR MACAN', 'DEJAN PERKOVIĆ', '', '', 'ELVIS CETINA'),
(520, 'TAR-VABRIGA-TORRE ABREGA', 'ISTARSKA 8', 52465, '052/443-120', '052/443-635', 'info-opcina@tar-vabriga.hr', 'www.tar-varbriga.hr', 'NIVIO STOJNIĆ', 'GAETANO BENČIĆ', '', '', 'MLADEN VOJINOVIĆ'),
(521, 'TINJAN', 'TINJAN 2', 52444, '052/626-090', '052/496-285', 'opcina@tinjan.hr', 'www.tinjan.hr', 'GORAN HRVATIN', 'MARTINA ANTOLOVIĆ', '', '', 'DARKO BANKO'),
(522, 'VIŠNJAN-VISIGNANO', 'TRG SLOBODE 1', 52463, '052/449-208', '052/449-504', 'opcina-visnjan@visnjan.hr', 'www.visnjan.hr', 'ANGELO MATTICH', 'KLAUDIO GAŠPARIN', '', '', 'PETAR RADOVAN'),
(523, 'VIŽINADA-VISINADA', 'VIŽINADA 18 A', 52447, '052/446-102', '052/446-424', 'opcina@vizinada.hr', 'www.vizinada.hr', 'MARKO FERENAC', 'OLIVER ARMAN', '', '', 'NEDA ŠAINČIĆ PILATO'),
(524, 'VRSAR-ORSERA', 'TRG DEGRASSI 1', 52450, '052/441-339', '052/441-842', 'opcina-vrsar@vrsar.hr', 'www.vrsar.hr', 'IVAN GEROMETTA', 'FRANKO ŠTIFANIĆ', '', '', 'FRANKO MATUKINA'),
(525, 'ŽMINJ', 'PAZINSKA 2/G', 52341, '052/846-250', '052/846-618', 'opcina@zminj.hr', 'www.zminj.hr', 'ŽELJKO PLAVČIĆ', 'LUCIANO ŽUFIĆ', '', '', 'SANJIN STANIĆ'),
(526, 'ISTARSKA', 'DRŠĆEVKA 3', 52000, '052/351-667,052/352-100', '052/351-686,052/352-123', 'valter.flego@istra-istria.hr', 'www.istra-istria.hr', 'VALTER FLEGO', 'FABRIZIO RADIN', 'SANDRA ČAKIĆ KUHAR', 'GIUSEPPINA RAJKO-ZAMJENICA ŽUPANA IZ REDA PRIPADNIKA TALIJANSKE NACIONALNE MANJINE', 'VALTER DRANDIĆ'),
(527, 'DUBROVNIK', 'PRED DVOROM 1', 20000, '020/351-800', '020/321-528', 'grad@dubrovnik.hr', 'www.dubrovnik.hr', 'MATO FRANKOVIĆ', 'JELKA TEPŠIĆ', 'ORLANDA TOKIĆ', '', 'MARKO POTREBICA'),
(528, 'KORČULA', 'TRG ANTUNA I STJEPANA RADIĆA 1', 20260, '020/711-143,020/711-184', '020/711-706', 'info@korcula.hr', 'www.korcula.hr', 'ANDRIJA FABRIS', 'IVAN ŠALE', '', '', 'MARKO SKOKANDIĆ'),
(529, 'PLOČE', 'TRG KRALJA TOMISLAVA 23', 20340, '020/678-828', '020/679-119', 'ured.gradonacelnika@ploce.hr', 'www.ploce.hr', 'MIŠO KRSTIČEVIĆ', 'ZORAN MAJSTROVIĆ', 'IVAN MAREVIĆ', '', 'NIKO OREPIĆ'),
(530, 'METKOVIĆ', 'STJEPANA RADIĆA 1', 20350, '020/681-020', '020/681-020', 'grad@metkovic.hr grad-metkovic@du.t-com.hr', 'www.metkovic.hr', 'DALIBOR MILAN', 'ROBERT DOKO', 'DAMIR RAIĆ', '', 'HRVOJE BEBIĆ'),
(531, 'OPUZEN', 'TRG KRALJA TOMISLAVA 1', 20355, '020/671-139', '020/672-059', 'opuzen@opuzen.hr', 'www.opuzen.hr', 'IVO MIHALJEVIĆ', 'MARIO BJELIŠ', '', '', 'MLADEN ŠILJEG'),
(532, 'BLATO', 'TRG DR. FRANJE TUĐMANA 4', 20271, '020/851-041,020/851-141', '020/851-241', 'opcina@blato.hr', 'www.blato.hr', 'ANTE ŠEPAROVIĆ', 'PERICA BAČIĆ', '', '', 'MARIJA BAČIĆ'),
(533, 'DUBROVAČKO PRIMORJE', '20232', 0, '020/871-197', '020/871-558', 'opcina@dubrovackoprimorje.hr', 'www.dubrovackoprimorje.hr', 'NIKOLA KNEŽIĆ', 'IVO LOBROVIĆ', '', '', 'IVICA VRLIĆ'),
(534, 'JANJINA', 'JANJINA 111', 20246, '020/741-369', '020/741-005', 'janjina@janjina.hr', 'www.janjina.hr', 'VLATKO MRATOVIĆ', 'TONĆI NOŽICA', '', '', 'MILIVOJ HERCEG'),
(535, 'KULA NORINSKA', 'RUJNIČKA 1', 20341, '020/693-527', '020/693-349', 'kula.norinska@du.t-com.hr', 'www.kulanorinska.hr', 'NIKOLA KRSTIČEVIĆ', 'MILE JERKOVIĆ', '', '', 'NIKOLA BATINOVIĆ'),
(536, 'KONAVLE', 'TRUMBIĆEV PUT 25', 20210, '020/478-401', '020/478-402', 'info@opcinakonavle.hr', 'www.opcinakonavle.hr', 'BOŽO LASIĆ', 'IVO RADONIĆ', '', '', 'IVO SIMOVIĆ'),
(537, 'LASTOVO', 'DOLAC 3', 20290, '020/801-023', '020/801-077', 'pisarnica@lastovo.hr,procelnica@lastovo.hr', 'www.lastovo.hr', 'LEO KATIĆ', 'MARGARET HROPIĆ', '', '', 'ILIJA FRLAN'),
(538, 'LUMBARDA', 'LUMBARDA 493', 20263, '020/712-042', '020/712-015', 'opcina.lumbarda1@du.t-com.hr', 'www.lumbarda.hr', 'IGOR KRŠINIĆ', 'ANTO BEZEK', '', '', 'IVAN BAŽIKA'),
(539, 'MLJET', 'ZABREŽJE 2', 20225, '020/745-255', '020/745-390', 'opcina@opcinamljet.com.hr', 'www.opcinamljet.com.hr', 'ĐIVO MARKET', 'NIKOLA KRALJ', '', '', 'PERO BAŠICA'),
(540, 'OREBIĆ', 'OBALA POMORACA 24', 20250, '020/713-678,020/713-028', '020/713-440', 'opcina.orebic@gmail.com', 'www.orebic.hr', 'TOMISLAV ANČIĆ', 'KRISTIAN KAPITELI', '', '', 'MARIO VEKIĆ'),
(541, 'POJEZERJE', 'OTRIĆ-SEOCI 154/2', 20342, '020/695-562', '020/695-560', 'opcina.pojezerje1@du.t-com.hr', 'www.pojezerje.hr', 'BORISLAV DOMINIKOVIĆ', 'IVAN ZLOIĆ', '', '', 'JOSIP KURAN'),
(542, 'SLIVNO', 'PODGRADINA 41', 20355, '020/671-295', '020/672-170', 'info@opcina-slivno.hr', 'www.opcina-slivno.hr', 'SMILJAN MUSTAPIĆ', 'DRAGAN BJELIŠ', '', '', 'DRAŽENKO ČOVIĆ'),
(543, 'SMOKVICA', 'SMOKVICA 80', 20272, '020/831-033', '020/831-033', 'opcina.smokvica@du.t-com.hr', 'www.smokvica.hr', 'KUZMA TOMAŠIĆ', 'JOSIP PECOTIĆ', '', '', 'LJUBO KUNJAŠIĆ'),
(544, 'STON', 'TRG K.TOMISLAVA 1.', 20230, '020/754-009,020/777-703', '020/754-514', 'opcina.ston1@du.t-com.hr,opcina.ston@du.t-com.hr', 'www.opcinaston.hr', 'VEDRAN ANTUNICA', 'ĐANI MATIĆ', '', '', 'BERISLAV GLAVOR'),
(545, 'TRPANJ', 'KRALJA TOMISLAVA 41', 20240, '020/743-448', '020/743-936', 'opcina.trpanj@du.te-com.hr', 'www.trpanj.hr', 'JAKŠA FRANKOVIĆ', 'MONIKA IVANDIĆ', '', '', 'JOSIP NESANOVIĆ'),
(546, 'VELA LUKA', 'OBALA 3 BR. 19', 20270, '020/295-900', '020/813-033', 'opcina@velaluka.hr', 'www.velaluka.hr', 'KATARINA BIKIĆ', 'DRAGIŠA BARČOT', '', '', 'ZORAN MANESTAR'),
(547, 'ZAŽABLJE', 'MLINIŠTE 24', 20353, '020/696-651', '020/696-651', 'opcina.zazablje@du.t-com.hr', 'www.opcina-zazablje.hr', 'MAJA VRNOGA', 'ANDRIJANA IVANKOVIĆ', '', '', 'IVAN VIDOVIĆ'),
(548, 'ŽUPA DUBROVAČKA', 'VUKOVARSKA 48 SREBRENO', 20207, '020/487-470', '020/486-216', 'opcina.zupa.dbk@du.t-com.hr', 'www.zupa-dubrovacka.hr', 'SILVIO NARDELLI', 'MIRKO MASLAĆ', '', '', 'LOVORKO KLEŠKOVIĆ'),
(549, 'DUBROVAČKO-NERETVANSKA', 'GUNDULIĆEVA POLJANA 1', 20000, '020/351-402', '020/321-059', 'zupan@dnz.hr', 'www.dnz.hr', 'NIKOLA DOBROSLAVIĆ', 'ŽAKLINA MAREVIĆ', 'JOŠKO CEBALO', '', 'VILMA KOSOVIĆ'),
(550, 'ČAKOVEC', 'K. TOMISLAVA 15', 40000, '040/314-920', '040/311-724', 'cakovec@cakovec.hr', 'www.cakovec.hr', 'STJEPAN KOVAČ', 'MARIO MEDVED', 'ZORAN VIDOVIĆ', '', 'JURICA HORVAT'),
(551, 'MURSKO SREDIŠĆE', 'TRG BANA JOSIPA JELAČIĆA 10', 40315, '040/370-771', '040/370-772', 'grad-mursko-sredisce@ck.t-com.hr', 'www.mursko-sredisce.hr', 'DRAŽEN SRPAK', 'MILJENKO CMREČAK', '', '', 'ZVONKO VRTARIĆ'),
(552, 'PRELOG', 'GLAVNA 35', 40323, '040/645-301', '040/638-691', 'info@prelog.hr,ured-grada@prelog.hr', 'www.prelog.hr', 'LJUBOMIR KOLAREK', 'ZDRAVKO KVAKAN', '', '', 'ĐURO UJLAKI'),
(553, 'BELICA', 'KRALJA TOMISLAVA 91', 40319, '040/845-402,040/846-067', '040/845-402', 'opcina@belica.hr', 'www.belica.hr', 'ZVONIMIR TARADI', 'MARIJA PREKUPEC', '', '', 'PETAR JANUŠIĆ'),
(554, 'DEKANOVEC', 'FLORIJANA ANDRAŠECA 41', 40318, '040/849-488', '040/849-488', 'opcina-dekanovec@ck.t-com.hr', 'www.dekanovec.hr', 'IVAN HAJDAROVIĆ', 'VLADIMIR JAMBROŠIĆ', '', '', 'SUZANA PETAK'),
(555, 'DOMAŠINEC', 'DOMAŠINEC', 40318, '040/863-240', '040/863-240', 'opcina-domasinec@ck.t-com.hr', 'www.opcina-domasinec.hr', 'MARIO TOMAŠEK', 'PERICA REMENAR', '', '', 'GORAN KOREN'),
(556, 'DONJA DUBRAVA', 'TRG REPUBLIKE 13', 40328, '040/688-919', '040/688-919', 'opcina-donja-dubrava@ck.htnet.hr', 'www.donjadubrava.hr', 'MARIJAN VARGA', 'VLADIMIR ČITUŠ', '', '', 'MARIO MIKULAN'),
(557, 'DONJI KRALJEVEC', 'KOLODVORSKA 52D', 40320, '040/655-126', '040/655-281', 'opcina@donjikraljevec.hr', 'www.donjikraljevec.hr', 'MILJENKO HORVAT', 'MLADEN ČAVLEK', '', '', 'ZORAN STRAHIJA'),
(558, 'DONJI VIDOVEC', 'RADE KONČARA 9', 40327, '040/615-105', '040/615-105', 'opc.dvidovec@gmail.com', 'www.donjividovec.hr', 'JOSIP MATULIN', 'ŽELJKO DOLENEC', '', '', 'JOSIP JAMBREŠIĆ'),
(559, 'GORIČAN', 'TRG SV. LEONARDA 22', 40324, '040/601-192', '040/602-163', 'opcina@gorican.hr', 'www.gorican.hr', 'MARIO MOHARIĆ', 'INES BAŠNEC', '', '', 'STJEPAN RIBARIĆ'),
(560, 'GORNJI MIHALJEVEC', 'GORNJI MIHALJEVEC 74', 40306, '040/899-117', '040/899-117', 'opcina.gornji.mihaljevec@gmail.com', 'www.gornjimihaljevec.hr', 'GORAN LOVREC', 'JASENKA NOVAK', '', '', 'ROBERT KOS'),
(561, 'KOTORIBA', 'KOLODVORSKA 4', 40329, '040/682-265', '040/682-247', 'opcina@kotoriba.hr', 'www.kotoriba.hr', 'LJUBOMIR GRGEC', 'ROBERTO UJLAKI', '', '', 'STANKO VUGRINČIĆ'),
(562, 'MALA SUBOTICA', 'GLAVNA 29A', 40321, '040/631-700,040/631-705', '040/631-500', 'opcina@opcina-mala-subotica.hr', 'www.opcina-mala-subotica.hr', 'VALENTINO ŠKVORC', 'MLADEN LACKOVIĆ', '', '', 'MLADEN KRIŽAIĆ'),
(563, 'NEDELIŠĆE', 'MARŠALA TITA 1', 40305, '040/821-107', '040/821-135', 'nedelisce@nedelisce.hr', 'www.nedelisce.hr', 'DARKO DANIA', 'ŽELJKO KACUN', 'NIKOLA NOVAK', '', 'LJUDEVIT BOŠĆAK'),
(564, 'OREHOVICA', 'ČAKOVEČKA 9', 40322, '040/635-275', '040/636-039', 'opcina-orehovica@ck.t-com.hr', 'www.orehovica.hr', 'FRANJO BUKAL', 'DIJANA NOVAK', '', 'MARKO BALOG-ZAMJENIK OPĆINSKOG NAČELNIKA IZ REDA PRIPADNIKA ROMSKE NACIONALNE MANJINE', 'MARKO HUNJADI'),
(565, 'PODTUREN', 'IVANA GRŠČIĆA 5', 40317, '040/847-260', '040/847-002', 'opcina@podturen.tcloud.hr', 'www.opcina-podturen.hr', 'PERICA HAJDAROVIĆ', 'VLADIMIR KODBA', '', '', 'MIRJANA MURK'),
(566, 'PRIBISLAVEC', 'B. RADIĆA 47', 40000, '040/360-211', '040/360-031', 'nacelnica@pribislavec.hr', 'www.pribislavec.hr', 'VIŠNJA IVAČIĆ', 'KRUNOSLAV KAMENIĆ', '', 'ŽELJKO BALOG-ZAMJENIK OPĆINSKOG NAČELNIKA IZ REDA PRIPADNIKA ROMSKE NACIONALNE MANJINE', 'MATIJA LADIĆ'),
(567, 'SELNICA', 'JELAČIĆEV TRG 4', 40314, '040/861-344,040/861-890', '040/861-891', 'opcina.selnica@gmail.com', 'www.selnica.hr', 'ERVIN VIČEVIĆ', 'MARIJA JAGARINEC SIĆ', '', '', 'BRANKO PERČIĆ'),
(568, 'ŠENKOVEC', 'JOSIPA BEDEKOVIĆA 11', 10292, '040/343-250', '040/343-750', 'opcina@senkovec.hr', 'www.senkovec.hr', 'SAŠA HORVAT', 'VLADIMIR NOVAK', '', '', 'ANTUN JURAS'),
(569, 'STRAHONINEC', 'DRAVSKA 1', 40000, '040/333-088', '040/333-341', 'info@strahoninec.hr', 'www.strahoninec.hr', 'FRANJO LEHKEC', 'JOSIP ŠIPEK', '', '', 'VLADIMIR LEPEN'),
(570, 'ŠTRIGOVA', 'ŠTRIGOVA 31', 40312, '040/851-039,040/851-134', '040/851-039', 'opcina.strigova@ck.t-com.hr', 'www.opcinastrigova.hr', 'STANISLAV REBERNIK', 'DAMIR KOVAČIĆ', '', '', 'STJEPAN POZDEREC'),
(571, 'SVETA MARIJA', 'TRG BANA JELAČIĆA 1', 40326, '040/660-001,040/660-864', '040/660-865', 'opcina@svetamarija.hr', 'www.svetamarija.hr', 'ĐURĐICA SLAMEK', 'IVICA KOČIŠ', '', '', 'DRAŽEN ŠULJ'),
(572, 'SVETI JURAJ NA BREGU', 'PLEŠKOVEC', 40311, '040/855-305,040/855-298,040/855-790', '040/855-294', 'juo@svetijurajnabregu.hr,nacelnik@svetijurajnabregu.hr', 'www.svetijurajnabregu.hr', 'ANĐELKO NAGRAJSALOVIĆ', 'DAMIR NOVAK', '', '', 'ANĐELKO KOVAČIĆ'),
(573, 'SVETI MARTIN NA MURI', 'TRG SVETOG MARTINA 7', 40313, '040/868-231', '040/868-922', 'opcina.svmartin@gmail.com', 'www.svetimartin.hr', 'DRAŽEN CRNČEC', 'MARTIN SRŠA', '', '', 'PETRA NOVINŠČAK'),
(574, 'VRATIŠINEC', 'DR. VINKA ŽGANCA 2', 40316, '040/866-966', '040/867-314', 'opcinavratisinec@gmail.com', 'www.vratisinec.hr', 'ZDRAVKO MLINARIĆ', 'MILENA GRANATIR', '', '', 'MIHAEL GRBAVEC'),
(575, 'MEĐIMURSKA', 'RUĐERA BOŠKOVIĆA 2', 40000, '040/374-111', '040/374-269', 'info@medjimurska-zupanija.hr', 'www.medjimurska-zupanija.hr', 'MATIJA POSAVEC', 'SANDRA HERMAN', 'JOSIP GRIVEC', '', 'MLADEN NOVAK'),
(576, 'ZAGREB', 'TRG STJEPANA RADIĆA 1', 10000, '01/610-1111', '', 'strucna.sluzba.gradonacelnika@zagreb.hr', 'www.zagreb.hr', 'MILAN BANDIĆ', 'JELENA PAVIČIĆ VUKIČEVIĆ', 'OLIVERA MAJIĆ', '', 'ANDRIJA MIKULIĆ');

-- --------------------------------------------------------

--
-- Table structure for table `COUNTY`
--

CREATE TABLE `COUNTY` (
  `ID` tinyint(4) NOT NULL,
  `NAME` varchar(40) COLLATE utf8_croatian_ci NOT NULL,
  `CONTACT_FK` smallint(6) NOT NULL
) ENGINE=InnoDB DEFAULT CHARSET=utf8 COLLATE=utf8_croatian_ci;

--
-- Dumping data for table `COUNTY`
--

INSERT INTO `COUNTY` (`ID`, `NAME`, `CONTACT_FK`) VALUES
(1, 'ZAGREBAČKA', 35),
(2, 'KRAPINSKO-ZAGORSKA', 68),
(3, 'SISAČKO-MOSLAVAČKA', 88),
(4, 'KARLOVAČKA', 111),
(5, 'VARAŽDINSKA', 140),
(6, 'KOPRIVNIČKO-KRIŽEVAČKA', 166),
(7, 'BJELOVARSKO-BILOGORSKA', 190),
(8, 'PRIMORSKO-GORANSKA', 227),
(9, 'LIČKO-SENJSKA', 240),
(10, 'VIROVITIČKO-PODRAVSKA', 257),
(11, 'POŽEŠKO-SLAVONSKA', 268),
(12, 'BRODSKO-POSAVSKA', 297),
(13, 'ZADARSKA', 332),
(14, 'OSJEČKO-BARANJSKA', 375),
(15, 'ŠIBENSKO-KNINSKA', 396),
(16, 'VUKOVARSKO-SRIJEMSKA', 428),
(17, 'SPLITSKO-DALMATINSKA', 484),
(18, 'ISTARSKA', 526),
(19, 'DUBROVAČKO-NERETVANSKA', 549),
(20, 'MEĐIMURSKA', 575),
(21, 'GRAD ZAGREB', 576);

-- --------------------------------------------------------

--
-- Table structure for table `TOWN`
--

CREATE TABLE `TOWN` (
  `ID` smallint(6) NOT NULL,
  `NAME` varchar(50) COLLATE utf8_croatian_ci NOT NULL,
  `COUNTY_FK` tinyint(4) NOT NULL,
  `CONTACT_FK` smallint(6) NOT NULL
) ENGINE=InnoDB DEFAULT CHARSET=utf8 COLLATE=utf8_croatian_ci;

--
-- Dumping data for table `TOWN`
--

INSERT INTO `TOWN` (`ID`, `NAME`, `COUNTY_FK`, `CONTACT_FK`) VALUES
(1, 'Dugo Selo', 1, 1),
(2, 'Ivanić-Grad', 1, 2),
(3, 'Jastrebarsko', 1, 3),
(4, 'Samobor', 1, 4),
(5, 'Sveta Nedelja', 1, 5),
(6, 'Sveti Ivan Zelina', 1, 6),
(7, 'Velika Gorica', 1, 7),
(8, 'Vrbovec', 1, 8),
(9, 'Zaprešić', 1, 9),
(10, 'Donja Stubica', 2, 36),
(11, 'Klanjec', 2, 37),
(12, 'Krapina', 2, 38),
(13, 'Oroslavje', 2, 39),
(14, 'Pregrada', 2, 40),
(15, 'Zabok', 2, 41),
(16, 'Zlatar', 2, 42),
(17, 'Glina', 3, 69),
(18, 'Hrvatska Kostajnica', 3, 70),
(19, 'Kutina', 3, 71),
(20, 'Novska', 3, 72),
(21, 'Petrinja', 3, 73),
(22, 'Popovača', 3, 84),
(23, 'Sisak', 3, 74),
(24, 'Duga Resa', 4, 89),
(25, 'Karlovac', 4, 90),
(26, 'Ogulin', 4, 91),
(27, 'Ozalj', 4, 92),
(28, 'Slunj', 4, 93),
(29, 'Ivanec', 5, 112),
(30, 'Lepoglava', 5, 113),
(31, 'Ludbreg', 5, 114),
(32, 'Novi Marof', 5, 115),
(33, 'Varaždin', 5, 116),
(34, 'Varaždinske Toplice', 5, 117),
(35, 'Đurđevac', 6, 143),
(36, 'Koprivnica', 6, 141),
(37, 'Križevci', 6, 142),
(38, 'Bjelovar', 7, 167),
(39, 'Čazma', 7, 168),
(40, 'Daruvar', 7, 169),
(41, 'Garešnica', 7, 170),
(42, 'Grubišno Polje', 7, 171),
(43, 'Bakar', 8, 191),
(44, 'Cres', 8, 192),
(45, 'Crikvenica', 8, 193),
(46, 'Čabar', 8, 194),
(47, 'Delnice', 8, 195),
(48, 'Kastav', 8, 196),
(49, 'Kraljevica', 8, 197),
(50, 'Krk', 8, 198),
(51, 'Mali Lošinj', 8, 199),
(52, 'Novi Vinodolski', 8, 200),
(53, 'Opatija', 8, 201),
(54, 'Rab', 8, 202),
(55, 'Rijeka', 8, 203),
(56, 'Vrbovsko', 8, 204),
(57, 'Gospić', 9, 228),
(58, 'Novalja', 9, 230),
(59, 'Otočac', 9, 229),
(60, 'Senj', 9, 231),
(61, 'Orahovica', 10, 241),
(62, 'Slatina', 10, 242),
(63, 'Virovitica', 10, 243),
(64, 'Kutjevo', 11, 262),
(65, 'Lipik', 11, 261),
(66, 'Pakrac', 11, 259),
(67, 'Pleternica', 11, 260),
(68, 'Požega', 11, 258),
(69, 'Nova Gradiška', 12, 269),
(70, 'Slavonski Brod', 12, 270),
(71, 'Benkovac', 13, 298),
(72, 'Biograd na Moru', 13, 299),
(73, 'Nin', 13, 311),
(74, 'Obrovac', 13, 300),
(75, 'Pag', 13, 301),
(76, 'Zadar', 13, 302),
(77, 'Beli Manastir', 14, 333),
(78, 'Belišće', 14, 334),
(79, 'Donji Miholjac', 14, 335),
(80, 'Đakovo', 14, 336),
(81, 'Našice', 14, 337),
(82, 'Osijek', 14, 338),
(83, 'Valpovo', 14, 339),
(84, 'Drniš', 15, 376),
(85, 'Knin', 15, 377),
(86, 'Skradin', 15, 378),
(87, 'Šibenik', 15, 379),
(88, 'Vodice', 15, 380),
(89, 'Ilok', 16, 397),
(90, 'Otok', 16, 398),
(91, 'Vinkovci', 16, 399),
(92, 'Vukovar', 16, 400),
(93, 'Županja', 16, 401),
(94, 'Hvar', 17, 430),
(95, 'Imotski', 17, 431),
(96, 'Kaštela', 17, 432),
(97, 'Komiža', 17, 433),
(98, 'Makarska', 17, 434),
(99, 'Omiš', 17, 435),
(100, 'Sinj', 17, 436),
(101, 'Solin', 17, 437),
(102, 'Split', 17, 429),
(103, 'Stari Grad', 17, 438),
(104, 'Supetar', 17, 439),
(105, 'Trilj', 17, 440),
(106, 'Trogir', 17, 441),
(107, 'Vis', 17, 442),
(108, 'Vrgorac', 17, 443),
(109, 'Vrlika', 17, 444),
(110, 'Buje-Buie', 18, 485),
(111, 'Buzet', 18, 486),
(112, 'Labin', 18, 487),
(113, 'Novigrad-Cittanova', 18, 488),
(114, 'Pazin', 18, 489),
(115, 'Poreč-Parenzo', 18, 490),
(116, 'Pula-Pola', 18, 491),
(117, 'Rovinj-Rovigno', 18, 492),
(118, 'Umag-Umago', 18, 493),
(119, 'Vodnjan-Dignano', 18, 494),
(120, 'Dubrovnik', 19, 527),
(121, 'Korčula', 19, 528),
(122, 'Metković', 19, 530),
(123, 'Opuzen', 19, 531),
(124, 'Ploče', 19, 529),
(125, 'Čakovec', 20, 550),
(126, 'Mursko Središće', 20, 551),
(127, 'Prelog', 20, 552),
(128, 'Zagreb', 21, 576);

--
-- Indexes for dumped tables
--

--
-- Indexes for table `COMMUNITY`
--
ALTER TABLE `COMMUNITY`
  ADD PRIMARY KEY (`ID`),
  ADD KEY `COUNTY_FK` (`COUNTY_FK`),
  ADD KEY `CONTACT_FK` (`CONTACT_FK`);

--
-- Indexes for table `CONTACT`
--
ALTER TABLE `CONTACT`
  ADD PRIMARY KEY (`ID`);

--
-- Indexes for table `COUNTY`
--
ALTER TABLE `COUNTY`
  ADD PRIMARY KEY (`ID`),
  ADD UNIQUE KEY `NAME` (`NAME`),
  ADD KEY `CONTACT_FK` (`CONTACT_FK`);

--
-- Indexes for table `TOWN`
--
ALTER TABLE `TOWN`
  ADD PRIMARY KEY (`ID`),
  ADD UNIQUE KEY `NAME` (`NAME`),
  ADD KEY `COUNTY_FK` (`COUNTY_FK`),
  ADD KEY `CONTACT_FK` (`CONTACT_FK`);

--
-- AUTO_INCREMENT for dumped tables
--

--
-- AUTO_INCREMENT for table `COMMUNITY`
--
ALTER TABLE `COMMUNITY`
  MODIFY `ID` smallint(6) NOT NULL AUTO_INCREMENT, AUTO_INCREMENT=429;

--
-- AUTO_INCREMENT for table `CONTACT`
--
ALTER TABLE `CONTACT`
  MODIFY `ID` smallint(6) NOT NULL AUTO_INCREMENT, AUTO_INCREMENT=577;

--
-- AUTO_INCREMENT for table `COUNTY`
--
ALTER TABLE `COUNTY`
  MODIFY `ID` tinyint(4) NOT NULL AUTO_INCREMENT, AUTO_INCREMENT=22;

--
-- AUTO_INCREMENT for table `TOWN`
--
ALTER TABLE `TOWN`
  MODIFY `ID` smallint(6) NOT NULL AUTO_INCREMENT, AUTO_INCREMENT=129;

--
-- Constraints for dumped tables
--

--
-- Constraints for table `COMMUNITY`
--
ALTER TABLE `COMMUNITY`
  ADD CONSTRAINT `COMMUNITY_ibfk_1` FOREIGN KEY (`COUNTY_FK`) REFERENCES `COUNTY` (`ID`) ON DELETE CASCADE ON UPDATE CASCADE,
  ADD CONSTRAINT `COMMUNITY_ibfk_2` FOREIGN KEY (`CONTACT_FK`) REFERENCES `CONTACT` (`ID`) ON DELETE CASCADE ON UPDATE CASCADE;

--
-- Constraints for table `COUNTY`
--
ALTER TABLE `COUNTY`
  ADD CONSTRAINT `COUNTY_ibfk_1` FOREIGN KEY (`CONTACT_FK`) REFERENCES `CONTACT` (`ID`) ON DELETE CASCADE ON UPDATE CASCADE;

--
-- Constraints for table `TOWN`
--
ALTER TABLE `TOWN`
  ADD CONSTRAINT `TOWN_ibfk_1` FOREIGN KEY (`COUNTY_FK`) REFERENCES `COUNTY` (`ID`) ON DELETE CASCADE ON UPDATE CASCADE,
  ADD CONSTRAINT `TOWN_ibfk_2` FOREIGN KEY (`CONTACT_FK`) REFERENCES `CONTACT` (`ID`) ON DELETE CASCADE ON UPDATE CASCADE;
COMMIT;

/*!40101 SET CHARACTER_SET_CLIENT=@OLD_CHARACTER_SET_CLIENT */;
/*!40101 SET CHARACTER_SET_RESULTS=@OLD_CHARACTER_SET_RESULTS */;
/*!40101 SET COLLATION_CONNECTION=@OLD_COLLATION_CONNECTION */;
